ABF - Principalele produse alimentare ale consumului uman, ABF - Principalele categorii sociale, Medii de rezidenta, Perioade, Unitati de masura, Valoare
Bauturi alcoolice  total (l), Total, Total, Anul 2001, Litri, 2.159
Bauturi alcoolice  total (l), Total, Total, Anul 2002, Litri, 2.137
Bauturi alcoolice  total (l), Total, Total, Anul 2003, Litri, 2.231
Bauturi alcoolice  total (l), Total, Total, Anul 2004, Litri, 2.101
Bauturi alcoolice  total (l), Total, Total, Anul 2005, Litri, 2.056
Bauturi alcoolice  total (l), Total, Total, Anul 2006, Litri, 1.995
Bauturi alcoolice  total (l), Total, Total, Anul 2007, Litri, 2.241
Bauturi alcoolice  total (l), Total, Total, Anul 2008, Litri, 2.404
Bauturi alcoolice  total (l), Total, Total, Anul 2009, Litri, 2.403
Bauturi alcoolice  total (l), Total, Total, Anul 2010, Litri, 2.308
Bauturi alcoolice  total (l), Total, Total, Anul 2011, Litri, 2.188
Bauturi alcoolice  total (l), Total, Total, Anul 2012, Litri, 2.23
Bauturi alcoolice  total (l), Total, Total, Anul 2013, Litri, 2.317
Bauturi alcoolice  total (l), Total, Total, Anul 2014, Litri, 2.273
Bauturi alcoolice  total (l), Total, Total, Anul 2015, Litri, 2.393
Bauturi alcoolice  total (l), Total, Total, Anul 2016, Litri, 2.513
Bauturi alcoolice  total (l), Total, Total, Anul 2017, Litri, 2.64
Bauturi alcoolice  total (l), Total, Total, Anul 2018, Litri, 2.666
Bauturi alcoolice  total (l), Total, Total, Anul 2019, Litri, 2.679
Bauturi alcoolice  total (l), Total, Total, Anul 2020, Litri, 2.628
Bauturi alcoolice  total (l), Total, Total, Anul 2021, Litri, 2.753
Bauturi alcoolice  total (l), Total, Total, Anul 2022, Litri, 2.751
Bauturi alcoolice  total (l), Total, Urban, Anul 2001, Litri, 1.561
Bauturi alcoolice  total (l), Total, Urban, Anul 2002, Litri, 1.513
Bauturi alcoolice  total (l), Total, Urban, Anul 2003, Litri, 1.624
Bauturi alcoolice  total (l), Total, Urban, Anul 2004, Litri, 1.689
Bauturi alcoolice  total (l), Total, Urban, Anul 2005, Litri, 1.678
Bauturi alcoolice  total (l), Total, Urban, Anul 2006, Litri, 1.725
Bauturi alcoolice  total (l), Total, Urban, Anul 2007, Litri, 1.949
Bauturi alcoolice  total (l), Total, Urban, Anul 2008, Litri, 2.068
Bauturi alcoolice  total (l), Total, Urban, Anul 2009, Litri, 2.018
Bauturi alcoolice  total (l), Total, Urban, Anul 2010, Litri, 1.929
Bauturi alcoolice  total (l), Total, Urban, Anul 2011, Litri, 1.817
Bauturi alcoolice  total (l), Total, Urban, Anul 2012, Litri, 1.896
Bauturi alcoolice  total (l), Total, Urban, Anul 2013, Litri, 2.033
Bauturi alcoolice  total (l), Total, Urban, Anul 2014, Litri, 1.959
Bauturi alcoolice  total (l), Total, Urban, Anul 2015, Litri, 2.079
Bauturi alcoolice  total (l), Total, Urban, Anul 2016, Litri, 2.212
Bauturi alcoolice  total (l), Total, Urban, Anul 2017, Litri, 2.35
Bauturi alcoolice  total (l), Total, Urban, Anul 2018, Litri, 2.288
Bauturi alcoolice  total (l), Total, Urban, Anul 2019, Litri, 2.377
Bauturi alcoolice  total (l), Total, Urban, Anul 2020, Litri, 2.263
Bauturi alcoolice  total (l), Total, Urban, Anul 2021, Litri, 2.41
Bauturi alcoolice  total (l), Total, Urban, Anul 2022, Litri, 2.378
Bauturi alcoolice  total (l), Total, Rural, Anul 2001, Litri, 2.846
Bauturi alcoolice  total (l), Total, Rural, Anul 2002, Litri, 2.857
Bauturi alcoolice  total (l), Total, Rural, Anul 2003, Litri, 2.9
Bauturi alcoolice  total (l), Total, Rural, Anul 2004, Litri, 2.575
Bauturi alcoolice  total (l), Total, Rural, Anul 2005, Litri, 2.504
Bauturi alcoolice  total (l), Total, Rural, Anul 2006, Litri, 2.323
Bauturi alcoolice  total (l), Total, Rural, Anul 2007, Litri, 2.596
Bauturi alcoolice  total (l), Total, Rural, Anul 2008, Litri, 2.815
Bauturi alcoolice  total (l), Total, Rural, Anul 2009, Litri, 2.871
Bauturi alcoolice  total (l), Total, Rural, Anul 2010, Litri, 2.768
Bauturi alcoolice  total (l), Total, Rural, Anul 2011, Litri, 2.64
Bauturi alcoolice  total (l), Total, Rural, Anul 2012, Litri, 2.633
Bauturi alcoolice  total (l), Total, Rural, Anul 2013, Litri, 2.661
Bauturi alcoolice  total (l), Total, Rural, Anul 2014, Litri, 2.644
Bauturi alcoolice  total (l), Total, Rural, Anul 2015, Litri, 2.762
Bauturi alcoolice  total (l), Total, Rural, Anul 2016, Litri, 2.865
Bauturi alcoolice  total (l), Total, Rural, Anul 2017, Litri, 2.978
Bauturi alcoolice  total (l), Total, Rural, Anul 2018, Litri, 3.111
Bauturi alcoolice  total (l), Total, Rural, Anul 2019, Litri, 3.035
Bauturi alcoolice  total (l), Total, Rural, Anul 2020, Litri, 3.056
Bauturi alcoolice  total (l), Total, Rural, Anul 2021, Litri, 3.158
Bauturi alcoolice  total (l), Total, Rural, Anul 2022, Litri, 3.192
Bauturi alcoolice  total (l), Salariati, Total, Anul 2001, Litri, 1.871
Bauturi alcoolice  total (l), Salariati, Total, Anul 2002, Litri, 1.801
Bauturi alcoolice  total (l), Salariati, Total, Anul 2003, Litri, 1.967
Bauturi alcoolice  total (l), Salariati, Total, Anul 2004, Litri, 1.968
Bauturi alcoolice  total (l), Salariati, Total, Anul 2005, Litri, 1.947
Bauturi alcoolice  total (l), Salariati, Total, Anul 2006, Litri, 1.996
Bauturi alcoolice  total (l), Salariati, Total, Anul 2007, Litri, 2.224
Bauturi alcoolice  total (l), Salariati, Total, Anul 2008, Litri, 2.28
Bauturi alcoolice  total (l), Salariati, Total, Anul 2009, Litri, 2.254
Bauturi alcoolice  total (l), Salariati, Total, Anul 2010, Litri, 2.167
Bauturi alcoolice  total (l), Salariati, Total, Anul 2011, Litri, 2.058
Bauturi alcoolice  total (l), Salariati, Total, Anul 2012, Litri, 2.138
Bauturi alcoolice  total (l), Salariati, Total, Anul 2013, Litri, 2.247
Bauturi alcoolice  total (l), Salariati, Total, Anul 2014, Litri, 2.157
Bauturi alcoolice  total (l), Salariati, Total, Anul 2015, Litri, 2.352
Bauturi alcoolice  total (l), Salariati, Total, Anul 2016, Litri, 2.456
Bauturi alcoolice  total (l), Salariati, Total, Anul 2017, Litri, 2.597
Bauturi alcoolice  total (l), Salariati, Total, Anul 2018, Litri, 2.65
Bauturi alcoolice  total (l), Salariati, Total, Anul 2019, Litri, 2.696
Bauturi alcoolice  total (l), Salariati, Total, Anul 2020, Litri, 2.604
Bauturi alcoolice  total (l), Salariati, Total, Anul 2021, Litri, 2.774
Bauturi alcoolice  total (l), Salariati, Total, Anul 2022, Litri, 2.814
Bauturi alcoolice  total (l), Salariati, Urban, Anul 2001, Litri, 1.649
Bauturi alcoolice  total (l), Salariati, Urban, Anul 2002, Litri, 1.588
Bauturi alcoolice  total (l), Salariati, Urban, Anul 2003, Litri, 1.77
Bauturi alcoolice  total (l), Salariati, Urban, Anul 2004, Litri, 1.807
Bauturi alcoolice  total (l), Salariati, Urban, Anul 2005, Litri, 1.806
Bauturi alcoolice  total (l), Salariati, Urban, Anul 2006, Litri, 1.88
Bauturi alcoolice  total (l), Salariati, Urban, Anul 2007, Litri, 2.116
Bauturi alcoolice  total (l), Salariati, Urban, Anul 2008, Litri, 2.165
Bauturi alcoolice  total (l), Salariati, Urban, Anul 2009, Litri, 2.131
Bauturi alcoolice  total (l), Salariati, Urban, Anul 2010, Litri, 2.036
Bauturi alcoolice  total (l), Salariati, Urban, Anul 2011, Litri, 1.919
Bauturi alcoolice  total (l), Salariati, Urban, Anul 2012, Litri, 2.053
Bauturi alcoolice  total (l), Salariati, Urban, Anul 2013, Litri, 2.169
Bauturi alcoolice  total (l), Salariati, Urban, Anul 2014, Litri, 2.084
Bauturi alcoolice  total (l), Salariati, Urban, Anul 2015, Litri, 2.213
Bauturi alcoolice  total (l), Salariati, Urban, Anul 2016, Litri, 2.312
Bauturi alcoolice  total (l), Salariati, Urban, Anul 2017, Litri, 2.464
Bauturi alcoolice  total (l), Salariati, Urban, Anul 2018, Litri, 2.424
Bauturi alcoolice  total (l), Salariati, Urban, Anul 2019, Litri, 2.554
Bauturi alcoolice  total (l), Salariati, Urban, Anul 2020, Litri, 2.366
Bauturi alcoolice  total (l), Salariati, Urban, Anul 2021, Litri, 2.58
Bauturi alcoolice  total (l), Salariati, Urban, Anul 2022, Litri, 2.538
Bauturi alcoolice  total (l), Salariati, Rural, Anul 2001, Litri, 2.577
Bauturi alcoolice  total (l), Salariati, Rural, Anul 2002, Litri, 2.501
Bauturi alcoolice  total (l), Salariati, Rural, Anul 2003, Litri, 2.566
Bauturi alcoolice  total (l), Salariati, Rural, Anul 2004, Litri, 2.411
Bauturi alcoolice  total (l), Salariati, Rural, Anul 2005, Litri, 2.379
Bauturi alcoolice  total (l), Salariati, Rural, Anul 2006, Litri, 2.333
Bauturi alcoolice  total (l), Salariati, Rural, Anul 2007, Litri, 2.53
Bauturi alcoolice  total (l), Salariati, Rural, Anul 2008, Litri, 2.585
Bauturi alcoolice  total (l), Salariati, Rural, Anul 2009, Litri, 2.577
Bauturi alcoolice  total (l), Salariati, Rural, Anul 2010, Litri, 2.52
Bauturi alcoolice  total (l), Salariati, Rural, Anul 2011, Litri, 2.441
Bauturi alcoolice  total (l), Salariati, Rural, Anul 2012, Litri, 2.358
Bauturi alcoolice  total (l), Salariati, Rural, Anul 2013, Litri, 2.456
Bauturi alcoolice  total (l), Salariati, Rural, Anul 2014, Litri, 2.344
Bauturi alcoolice  total (l), Salariati, Rural, Anul 2015, Litri, 2.648
Bauturi alcoolice  total (l), Salariati, Rural, Anul 2016, Litri, 2.762
Bauturi alcoolice  total (l), Salariati, Rural, Anul 2017, Litri, 2.852
Bauturi alcoolice  total (l), Salariati, Rural, Anul 2018, Litri, 3.084
Bauturi alcoolice  total (l), Salariati, Rural, Anul 2019, Litri, 2.977
Bauturi alcoolice  total (l), Salariati, Rural, Anul 2020, Litri, 3.034
Bauturi alcoolice  total (l), Salariati, Rural, Anul 2021, Litri, 3.124
Bauturi alcoolice  total (l), Salariati, Rural, Anul 2022, Litri, 3.3
Bauturi alcoolice  total (l), Someri, Total, Anul 2001, Litri, 1.552
Bauturi alcoolice  total (l), Someri, Total, Anul 2002, Litri, 1.438
Bauturi alcoolice  total (l), Someri, Total, Anul 2003, Litri, 1.585
Bauturi alcoolice  total (l), Someri, Total, Anul 2004, Litri, 1.558
Bauturi alcoolice  total (l), Someri, Total, Anul 2005, Litri, 1.533
Bauturi alcoolice  total (l), Someri, Total, Anul 2006, Litri, 1.454
Bauturi alcoolice  total (l), Someri, Total, Anul 2007, Litri, 1.584
Bauturi alcoolice  total (l), Someri, Total, Anul 2008, Litri, 1.704
Bauturi alcoolice  total (l), Someri, Total, Anul 2009, Litri, 1.681
Bauturi alcoolice  total (l), Someri, Total, Anul 2010, Litri, 1.667
Bauturi alcoolice  total (l), Someri, Total, Anul 2011, Litri, 1.591
Bauturi alcoolice  total (l), Someri, Total, Anul 2012, Litri, 1.551
Bauturi alcoolice  total (l), Someri, Total, Anul 2013, Litri, 1.67
Bauturi alcoolice  total (l), Someri, Total, Anul 2014, Litri, 1.569
Bauturi alcoolice  total (l), Someri, Total, Anul 2015, Litri, 2.023
Bauturi alcoolice  total (l), Someri, Total, Anul 2016, Litri, 1.965
Bauturi alcoolice  total (l), Someri, Total, Anul 2017, Litri, 1.833
Bauturi alcoolice  total (l), Someri, Total, Anul 2018, Litri, 1.95
Bauturi alcoolice  total (l), Someri, Total, Anul 2019, Litri, 2.232
Bauturi alcoolice  total (l), Someri, Total, Anul 2020, Litri, 2.003
Bauturi alcoolice  total (l), Someri, Total, Anul 2021, Litri, 2.028
Bauturi alcoolice  total (l), Someri, Total, Anul 2022, Litri, 2.025
Bauturi alcoolice  total (l), Someri, Urban, Anul 2001, Litri, 1.162
Bauturi alcoolice  total (l), Someri, Urban, Anul 2002, Litri, 1.244
Bauturi alcoolice  total (l), Someri, Urban, Anul 2003, Litri, 1.215
Bauturi alcoolice  total (l), Someri, Urban, Anul 2004, Litri, 1.444
Bauturi alcoolice  total (l), Someri, Urban, Anul 2005, Litri, 1.446
Bauturi alcoolice  total (l), Someri, Urban, Anul 2006, Litri, 1.339
Bauturi alcoolice  total (l), Someri, Urban, Anul 2007, Litri, 1.625
Bauturi alcoolice  total (l), Someri, Urban, Anul 2008, Litri, 1.573
Bauturi alcoolice  total (l), Someri, Urban, Anul 2009, Litri, 1.558
Bauturi alcoolice  total (l), Someri, Urban, Anul 2010, Litri, 1.462
Bauturi alcoolice  total (l), Someri, Urban, Anul 2011, Litri, 1.329
Bauturi alcoolice  total (l), Someri, Urban, Anul 2012, Litri, 1.409
Bauturi alcoolice  total (l), Someri, Urban, Anul 2013, Litri, 1.664
Bauturi alcoolice  total (l), Someri, Urban, Anul 2014, Litri, 1.542
Bauturi alcoolice  total (l), Someri, Urban, Anul 2015, Litri, 1.886
Bauturi alcoolice  total (l), Someri, Urban, Anul 2016, Litri, 2.066
Bauturi alcoolice  total (l), Someri, Urban, Anul 2017, Litri, 1.702
Bauturi alcoolice  total (l), Someri, Urban, Anul 2018, Litri, 1.859
Bauturi alcoolice  total (l), Someri, Urban, Anul 2019, Litri, 2.214
Bauturi alcoolice  total (l), Someri, Urban, Anul 2020, Litri, 1.799
Bauturi alcoolice  total (l), Someri, Urban, Anul 2021, Litri, 1.881
Bauturi alcoolice  total (l), Someri, Urban, Anul 2022, Litri, 1.839
Bauturi alcoolice  total (l), Someri, Rural, Anul 2001, Litri, 2.22
Bauturi alcoolice  total (l), Someri, Rural, Anul 2002, Litri, 1.777
Bauturi alcoolice  total (l), Someri, Rural, Anul 2003, Litri, 2.287
Bauturi alcoolice  total (l), Someri, Rural, Anul 2004, Litri, 1.746
Bauturi alcoolice  total (l), Someri, Rural, Anul 2005, Litri, 1.677
Bauturi alcoolice  total (l), Someri, Rural, Anul 2006, Litri, 1.617
Bauturi alcoolice  total (l), Someri, Rural, Anul 2007, Litri, 1.514
Bauturi alcoolice  total (l), Someri, Rural, Anul 2008, Litri, 1.894
Bauturi alcoolice  total (l), Someri, Rural, Anul 2009, Litri, 1.94
Bauturi alcoolice  total (l), Someri, Rural, Anul 2010, Litri, 2.067
Bauturi alcoolice  total (l), Someri, Rural, Anul 2011, Litri, 2.104
Bauturi alcoolice  total (l), Someri, Rural, Anul 2012, Litri, 1.8
Bauturi alcoolice  total (l), Someri, Rural, Anul 2013, Litri, 1.681
Bauturi alcoolice  total (l), Someri, Rural, Anul 2014, Litri, 1.619
Bauturi alcoolice  total (l), Someri, Rural, Anul 2015, Litri, 2.207
Bauturi alcoolice  total (l), Someri, Rural, Anul 2016, Litri, 1.832
Bauturi alcoolice  total (l), Someri, Rural, Anul 2017, Litri, 1.988
Bauturi alcoolice  total (l), Someri, Rural, Anul 2018, Litri, 2.03
Bauturi alcoolice  total (l), Someri, Rural, Anul 2019, Litri, 2.251
Bauturi alcoolice  total (l), Someri, Rural, Anul 2020, Litri, 2.284
Bauturi alcoolice  total (l), Someri, Rural, Anul 2021, Litri, 2.16
Bauturi alcoolice  total (l), Someri, Rural, Anul 2022, Litri, 2.226
Bauturi alcoolice  total (l), Pensionari, Total, Anul 2001, Litri, 2.457
Bauturi alcoolice  total (l), Pensionari, Total, Anul 2002, Litri, 2.425
Bauturi alcoolice  total (l), Pensionari, Total, Anul 2003, Litri, 2.457
Bauturi alcoolice  total (l), Pensionari, Total, Anul 2004, Litri, 2.3
Bauturi alcoolice  total (l), Pensionari, Total, Anul 2005, Litri, 2.152
Bauturi alcoolice  total (l), Pensionari, Total, Anul 2006, Litri, 2.018
Bauturi alcoolice  total (l), Pensionari, Total, Anul 2007, Litri, 2.227
Bauturi alcoolice  total (l), Pensionari, Total, Anul 2008, Litri, 2.484
Bauturi alcoolice  total (l), Pensionari, Total, Anul 2009, Litri, 2.516
Bauturi alcoolice  total (l), Pensionari, Total, Anul 2010, Litri, 2.459
Bauturi alcoolice  total (l), Pensionari, Total, Anul 2011, Litri, 2.244
Bauturi alcoolice  total (l), Pensionari, Total, Anul 2012, Litri, 2.279
Bauturi alcoolice  total (l), Pensionari, Total, Anul 2013, Litri, 2.395
Bauturi alcoolice  total (l), Pensionari, Total, Anul 2014, Litri, 2.358
Bauturi alcoolice  total (l), Pensionari, Total, Anul 2015, Litri, 2.42
Bauturi alcoolice  total (l), Pensionari, Total, Anul 2016, Litri, 2.526
Bauturi alcoolice  total (l), Pensionari, Total, Anul 2017, Litri, 2.656
Bauturi alcoolice  total (l), Pensionari, Total, Anul 2018, Litri, 2.634
Bauturi alcoolice  total (l), Pensionari, Total, Anul 2019, Litri, 2.581
Bauturi alcoolice  total (l), Pensionari, Total, Anul 2020, Litri, 2.622
Bauturi alcoolice  total (l), Pensionari, Total, Anul 2021, Litri, 2.616
Bauturi alcoolice  total (l), Pensionari, Total, Anul 2022, Litri, 2.604
Bauturi alcoolice  total (l), Pensionari, Urban, Anul 2001, Litri, 1.508
Bauturi alcoolice  total (l), Pensionari, Urban, Anul 2002, Litri, 1.412
Bauturi alcoolice  total (l), Pensionari, Urban, Anul 2003, Litri, 1.488
Bauturi alcoolice  total (l), Pensionari, Urban, Anul 2004, Litri, 1.545
Bauturi alcoolice  total (l), Pensionari, Urban, Anul 2005, Litri, 1.479
Bauturi alcoolice  total (l), Pensionari, Urban, Anul 2006, Litri, 1.526
Bauturi alcoolice  total (l), Pensionari, Urban, Anul 2007, Litri, 1.685
Bauturi alcoolice  total (l), Pensionari, Urban, Anul 2008, Litri, 1.899
Bauturi alcoolice  total (l), Pensionari, Urban, Anul 2009, Litri, 1.909
Bauturi alcoolice  total (l), Pensionari, Urban, Anul 2010, Litri, 1.84
Bauturi alcoolice  total (l), Pensionari, Urban, Anul 2011, Litri, 1.713
Bauturi alcoolice  total (l), Pensionari, Urban, Anul 2012, Litri, 1.722
Bauturi alcoolice  total (l), Pensionari, Urban, Anul 2013, Litri, 1.917
Bauturi alcoolice  total (l), Pensionari, Urban, Anul 2014, Litri, 1.833
Bauturi alcoolice  total (l), Pensionari, Urban, Anul 2015, Litri, 1.941
Bauturi alcoolice  total (l), Pensionari, Urban, Anul 2016, Litri, 2.084
Bauturi alcoolice  total (l), Pensionari, Urban, Anul 2017, Litri, 2.199
Bauturi alcoolice  total (l), Pensionari, Urban, Anul 2018, Litri, 2.142
Bauturi alcoolice  total (l), Pensionari, Urban, Anul 2019, Litri, 2.075
Bauturi alcoolice  total (l), Pensionari, Urban, Anul 2020, Litri, 2.099
Bauturi alcoolice  total (l), Pensionari, Urban, Anul 2021, Litri, 2.123
Bauturi alcoolice  total (l), Pensionari, Urban, Anul 2022, Litri, 2.147
Bauturi alcoolice  total (l), Pensionari, Rural, Anul 2001, Litri, 3.255
Bauturi alcoolice  total (l), Pensionari, Rural, Anul 2002, Litri, 3.258
Bauturi alcoolice  total (l), Pensionari, Rural, Anul 2003, Litri, 3.231
Bauturi alcoolice  total (l), Pensionari, Rural, Anul 2004, Litri, 2.928
Bauturi alcoolice  total (l), Pensionari, Rural, Anul 2005, Litri, 2.749
Bauturi alcoolice  total (l), Pensionari, Rural, Anul 2006, Litri, 2.468
Bauturi alcoolice  total (l), Pensionari, Rural, Anul 2007, Litri, 2.717
Bauturi alcoolice  total (l), Pensionari, Rural, Anul 2008, Litri, 3.038
Bauturi alcoolice  total (l), Pensionari, Rural, Anul 2009, Litri, 3.087
Bauturi alcoolice  total (l), Pensionari, Rural, Anul 2010, Litri, 3.019
Bauturi alcoolice  total (l), Pensionari, Rural, Anul 2011, Litri, 2.755
Bauturi alcoolice  total (l), Pensionari, Rural, Anul 2012, Litri, 2.828
Bauturi alcoolice  total (l), Pensionari, Rural, Anul 2013, Litri, 2.864
Bauturi alcoolice  total (l), Pensionari, Rural, Anul 2014, Litri, 2.866
Bauturi alcoolice  total (l), Pensionari, Rural, Anul 2015, Litri, 2.892
Bauturi alcoolice  total (l), Pensionari, Rural, Anul 2016, Litri, 2.954
Bauturi alcoolice  total (l), Pensionari, Rural, Anul 2017, Litri, 3.147
Bauturi alcoolice  total (l), Pensionari, Rural, Anul 2018, Litri, 3.155
Bauturi alcoolice  total (l), Pensionari, Rural, Anul 2019, Litri, 3.082
Bauturi alcoolice  total (l), Pensionari, Rural, Anul 2020, Litri, 3.165
Bauturi alcoolice  total (l), Pensionari, Rural, Anul 2021, Litri, 3.131
Bauturi alcoolice  total (l), Pensionari, Rural, Anul 2022, Litri, 3.09
Vin, Total, Total, Anul 2001, Litri, 1.275
Vin, Total, Total, Anul 2002, Litri, 1.28
Vin, Total, Total, Anul 2003, Litri, 1.28
Vin, Total, Total, Anul 2004, Litri, 1.097
Vin, Total, Total, Anul 2005, Litri, .984
Vin, Total, Total, Anul 2006, Litri, .824
Vin, Total, Total, Anul 2007, Litri, .905
Vin, Total, Total, Anul 2008, Litri, .933
Vin, Total, Total, Anul 2009, Litri, .969
Vin, Total, Total, Anul 2010, Litri, .942
Vin, Total, Total, Anul 2011, Litri, .864
Vin, Total, Total, Anul 2012, Litri, .874
Vin, Total, Total, Anul 2013, Litri, .876
Vin, Total, Total, Anul 2014, Litri, .886
Vin, Total, Total, Anul 2015, Litri, .874
Vin, Total, Total, Anul 2016, Litri, .893
Vin, Total, Total, Anul 2017, Litri, .892
Vin, Total, Total, Anul 2018, Litri, .887
Vin, Total, Total, Anul 2019, Litri, .885
Vin, Total, Total, Anul 2020, Litri, .837
Vin, Total, Total, Anul 2021, Litri, .84
Vin, Total, Total, Anul 2022, Litri, .902
Vin, Total, Urban, Anul 2001, Litri, .741
Vin, Total, Urban, Anul 2002, Litri, .724
Vin, Total, Urban, Anul 2003, Litri, .702
Vin, Total, Urban, Anul 2004, Litri, .699
Vin, Total, Urban, Anul 2005, Litri, .627
Vin, Total, Urban, Anul 2006, Litri, .545
Vin, Total, Urban, Anul 2007, Litri, .611
Vin, Total, Urban, Anul 2008, Litri, .617
Vin, Total, Urban, Anul 2009, Litri, .624
Vin, Total, Urban, Anul 2010, Litri, .603
Vin, Total, Urban, Anul 2011, Litri, .58
Vin, Total, Urban, Anul 2012, Litri, .575
Vin, Total, Urban, Anul 2013, Litri, .58
Vin, Total, Urban, Anul 2014, Litri, .602
Vin, Total, Urban, Anul 2015, Litri, .607
Vin, Total, Urban, Anul 2016, Litri, .636
Vin, Total, Urban, Anul 2017, Litri, .648
Vin, Total, Urban, Anul 2018, Litri, .637
Vin, Total, Urban, Anul 2019, Litri, .693
Vin, Total, Urban, Anul 2020, Litri, .607
Vin, Total, Urban, Anul 2021, Litri, .638
Vin, Total, Urban, Anul 2022, Litri, .662
Vin, Total, Rural, Anul 2001, Litri, 1.889
Vin, Total, Rural, Anul 2002, Litri, 1.923
Vin, Total, Rural, Anul 2003, Litri, 1.916
Vin, Total, Rural, Anul 2004, Litri, 1.554
Vin, Total, Rural, Anul 2005, Litri, 1.406
Vin, Total, Rural, Anul 2006, Litri, 1.162
Vin, Total, Rural, Anul 2007, Litri, 1.262
Vin, Total, Rural, Anul 2008, Litri, 1.318
Vin, Total, Rural, Anul 2009, Litri, 1.388
Vin, Total, Rural, Anul 2010, Litri, 1.354
Vin, Total, Rural, Anul 2011, Litri, 1.21
Vin, Total, Rural, Anul 2012, Litri, 1.235
Vin, Total, Rural, Anul 2013, Litri, 1.235
Vin, Total, Rural, Anul 2014, Litri, 1.22
Vin, Total, Rural, Anul 2015, Litri, 1.186
Vin, Total, Rural, Anul 2016, Litri, 1.194
Vin, Total, Rural, Anul 2017, Litri, 1.177
Vin, Total, Rural, Anul 2018, Litri, 1.181
Vin, Total, Rural, Anul 2019, Litri, 1.112
Vin, Total, Rural, Anul 2020, Litri, 1.108
Vin, Total, Rural, Anul 2021, Litri, 1.077
Vin, Total, Rural, Anul 2022, Litri, 1.186
Vin, Salariati, Total, Anul 2001, Litri, .89
Vin, Salariati, Total, Anul 2002, Litri, .871
Vin, Salariati, Total, Anul 2003, Litri, .887
Vin, Salariati, Total, Anul 2004, Litri, .842
Vin, Salariati, Total, Anul 2005, Litri, .729
Vin, Salariati, Total, Anul 2006, Litri, .626
Vin, Salariati, Total, Anul 2007, Litri, .708
Vin, Salariati, Total, Anul 2008, Litri, .691
Vin, Salariati, Total, Anul 2009, Litri, .704
Vin, Salariati, Total, Anul 2010, Litri, .71
Vin, Salariati, Total, Anul 2011, Litri, .654
Vin, Salariati, Total, Anul 2012, Litri, .673
Vin, Salariati, Total, Anul 2013, Litri, .657
Vin, Salariati, Total, Anul 2014, Litri, .662
Vin, Salariati, Total, Anul 2015, Litri, .733
Vin, Salariati, Total, Anul 2016, Litri, .75
Vin, Salariati, Total, Anul 2017, Litri, .75
Vin, Salariati, Total, Anul 2018, Litri, .769
Vin, Salariati, Total, Anul 2019, Litri, .796
Vin, Salariati, Total, Anul 2020, Litri, .718
Vin, Salariati, Total, Anul 2021, Litri, .766
Vin, Salariati, Total, Anul 2022, Litri, .848
Vin, Salariati, Urban, Anul 2001, Litri, .698
Vin, Salariati, Urban, Anul 2002, Litri, .694
Vin, Salariati, Urban, Anul 2003, Litri, .696
Vin, Salariati, Urban, Anul 2004, Litri, .68
Vin, Salariati, Urban, Anul 2005, Litri, .605
Vin, Salariati, Urban, Anul 2006, Litri, .523
Vin, Salariati, Urban, Anul 2007, Litri, .611
Vin, Salariati, Urban, Anul 2008, Litri, .565
Vin, Salariati, Urban, Anul 2009, Litri, .599
Vin, Salariati, Urban, Anul 2010, Litri, .576
Vin, Salariati, Urban, Anul 2011, Litri, .553
Vin, Salariati, Urban, Anul 2012, Litri, .566
Vin, Salariati, Urban, Anul 2013, Litri, .54
Vin, Salariati, Urban, Anul 2014, Litri, .57
Vin, Salariati, Urban, Anul 2015, Litri, .628
Vin, Salariati, Urban, Anul 2016, Litri, .637
Vin, Salariati, Urban, Anul 2017, Litri, .656
Vin, Salariati, Urban, Anul 2018, Litri, .652
Vin, Salariati, Urban, Anul 2019, Litri, .717
Vin, Salariati, Urban, Anul 2020, Litri, .608
Vin, Salariati, Urban, Anul 2021, Litri, .662
Vin, Salariati, Urban, Anul 2022, Litri, .692
Vin, Salariati, Rural, Anul 2001, Litri, 1.502
Vin, Salariati, Rural, Anul 2002, Litri, 1.455
Vin, Salariati, Rural, Anul 2003, Litri, 1.469
Vin, Salariati, Rural, Anul 2004, Litri, 1.289
Vin, Salariati, Rural, Anul 2005, Litri, 1.107
Vin, Salariati, Rural, Anul 2006, Litri, .926
Vin, Salariati, Rural, Anul 2007, Litri, .981
Vin, Salariati, Rural, Anul 2008, Litri, 1.027
Vin, Salariati, Rural, Anul 2009, Litri, .98
Vin, Salariati, Rural, Anul 2010, Litri, 1.072
Vin, Salariati, Rural, Anul 2011, Litri, .936
Vin, Salariati, Rural, Anul 2012, Litri, .95
Vin, Salariati, Rural, Anul 2013, Litri, .972
Vin, Salariati, Rural, Anul 2014, Litri, .896
Vin, Salariati, Rural, Anul 2015, Litri, .957
Vin, Salariati, Rural, Anul 2016, Litri, .99
Vin, Salariati, Rural, Anul 2017, Litri, .929
Vin, Salariati, Rural, Anul 2018, Litri, .994
Vin, Salariati, Rural, Anul 2019, Litri, .952
Vin, Salariati, Rural, Anul 2020, Litri, .917
Vin, Salariati, Rural, Anul 2021, Litri, .953
Vin, Salariati, Rural, Anul 2022, Litri, 1.122
Vin, Someri, Total, Anul 2001, Litri, .93
Vin, Someri, Total, Anul 2002, Litri, .825
Vin, Someri, Total, Anul 2003, Litri, .906
Vin, Someri, Total, Anul 2004, Litri, .714
Vin, Someri, Total, Anul 2005, Litri, .66
Vin, Someri, Total, Anul 2006, Litri, .529
Vin, Someri, Total, Anul 2007, Litri, .536
Vin, Someri, Total, Anul 2008, Litri, .61
Vin, Someri, Total, Anul 2009, Litri, .585
Vin, Someri, Total, Anul 2010, Litri, .63
Vin, Someri, Total, Anul 2011, Litri, .608
Vin, Someri, Total, Anul 2012, Litri, .569
Vin, Someri, Total, Anul 2013, Litri, .576
Vin, Someri, Total, Anul 2014, Litri, .584
Vin, Someri, Total, Anul 2015, Litri, .67
Vin, Someri, Total, Anul 2016, Litri, .642
Vin, Someri, Total, Anul 2017, Litri, .521
Vin, Someri, Total, Anul 2018, Litri, .608
Vin, Someri, Total, Anul 2019, Litri, .619
Vin, Someri, Total, Anul 2020, Litri, .632
Vin, Someri, Total, Anul 2021, Litri, .614
Vin, Someri, Total, Anul 2022, Litri, .486
Vin, Someri, Urban, Anul 2001, Litri, .621
Vin, Someri, Urban, Anul 2002, Litri, .674
Vin, Someri, Urban, Anul 2003, Litri, .587
Vin, Someri, Urban, Anul 2004, Litri, .603
Vin, Someri, Urban, Anul 2005, Litri, .566
Vin, Someri, Urban, Anul 2006, Litri, .441
Vin, Someri, Urban, Anul 2007, Litri, .53
Vin, Someri, Urban, Anul 2008, Litri, .609
Vin, Someri, Urban, Anul 2009, Litri, .463
Vin, Someri, Urban, Anul 2010, Litri, .538
Vin, Someri, Urban, Anul 2011, Litri, .466
Vin, Someri, Urban, Anul 2012, Litri, .469
Vin, Someri, Urban, Anul 2013, Litri, .525
Vin, Someri, Urban, Anul 2014, Litri, .533
Vin, Someri, Urban, Anul 2015, Litri, .551
Vin, Someri, Urban, Anul 2016, Litri, .492
Vin, Someri, Urban, Anul 2017, Litri, .447
Vin, Someri, Urban, Anul 2018, Litri, .389
Vin, Someri, Urban, Anul 2019, Litri, .514
Vin, Someri, Urban, Anul 2020, Litri, .456
Vin, Someri, Urban, Anul 2021, Litri, .43
Vin, Someri, Urban, Anul 2022, Litri, .311
Vin, Someri, Rural, Anul 2001, Litri, 1.458
Vin, Someri, Rural, Anul 2002, Litri, 1.089
Vin, Someri, Rural, Anul 2003, Litri, 1.511
Vin, Someri, Rural, Anul 2004, Litri, .898
Vin, Someri, Rural, Anul 2005, Litri, .815
Vin, Someri, Rural, Anul 2006, Litri, .653
Vin, Someri, Rural, Anul 2007, Litri, .547
Vin, Someri, Rural, Anul 2008, Litri, .61
Vin, Someri, Rural, Anul 2009, Litri, .842
Vin, Someri, Rural, Anul 2010, Litri, .81
Vin, Someri, Rural, Anul 2011, Litri, .887
Vin, Someri, Rural, Anul 2012, Litri, .746
Vin, Someri, Rural, Anul 2013, Litri, .675
Vin, Someri, Rural, Anul 2014, Litri, .679
Vin, Someri, Rural, Anul 2015, Litri, .831
Vin, Someri, Rural, Anul 2016, Litri, .839
Vin, Someri, Rural, Anul 2017, Litri, .608
Vin, Someri, Rural, Anul 2018, Litri, .802
Vin, Someri, Rural, Anul 2019, Litri, .731
Vin, Someri, Rural, Anul 2020, Litri, .874
Vin, Someri, Rural, Anul 2021, Litri, .78
Vin, Someri, Rural, Anul 2022, Litri, .675
Vin, Pensionari, Total, Anul 2001, Litri, 1.594
Vin, Pensionari, Total, Anul 2002, Litri, 1.601
Vin, Pensionari, Total, Anul 2003, Litri, 1.547
Vin, Pensionari, Total, Anul 2004, Litri, 1.345
Vin, Pensionari, Total, Anul 2005, Litri, 1.165
Vin, Pensionari, Total, Anul 2006, Litri, .969
Vin, Pensionari, Total, Anul 2007, Litri, 1.004
Vin, Pensionari, Total, Anul 2008, Litri, 1.058
Vin, Pensionari, Total, Anul 2009, Litri, 1.133
Vin, Pensionari, Total, Anul 2010, Litri, 1.106
Vin, Pensionari, Total, Anul 2011, Litri, .972
Vin, Pensionari, Total, Anul 2012, Litri, .98
Vin, Pensionari, Total, Anul 2013, Litri, 1.051
Vin, Pensionari, Total, Anul 2014, Litri, 1.033
Vin, Pensionari, Total, Anul 2015, Litri, .953
Vin, Pensionari, Total, Anul 2016, Litri, .988
Vin, Pensionari, Total, Anul 2017, Litri, .994
Vin, Pensionari, Total, Anul 2018, Litri, .973
Vin, Pensionari, Total, Anul 2019, Litri, .936
Vin, Pensionari, Total, Anul 2020, Litri, .913
Vin, Pensionari, Total, Anul 2021, Litri, .853
Vin, Pensionari, Total, Anul 2022, Litri, .925
Vin, Pensionari, Urban, Anul 2001, Litri, .834
Vin, Pensionari, Urban, Anul 2002, Litri, .778
Vin, Pensionari, Urban, Anul 2003, Litri, .743
Vin, Pensionari, Urban, Anul 2004, Litri, .743
Vin, Pensionari, Urban, Anul 2005, Litri, .656
Vin, Pensionari, Urban, Anul 2006, Litri, .587
Vin, Pensionari, Urban, Anul 2007, Litri, .595
Vin, Pensionari, Urban, Anul 2008, Litri, .651
Vin, Pensionari, Urban, Anul 2009, Litri, .671
Vin, Pensionari, Urban, Anul 2010, Litri, .638
Vin, Pensionari, Urban, Anul 2011, Litri, .62
Vin, Pensionari, Urban, Anul 2012, Litri, .594
Vin, Pensionari, Urban, Anul 2013, Litri, .661
Vin, Pensionari, Urban, Anul 2014, Litri, .632
Vin, Pensionari, Urban, Anul 2015, Litri, .585
Vin, Pensionari, Urban, Anul 2016, Litri, .654
Vin, Pensionari, Urban, Anul 2017, Litri, .655
Vin, Pensionari, Urban, Anul 2018, Litri, .643
Vin, Pensionari, Urban, Anul 2019, Litri, .646
Vin, Pensionari, Urban, Anul 2020, Litri, .584
Vin, Pensionari, Urban, Anul 2021, Litri, .581
Vin, Pensionari, Urban, Anul 2022, Litri, .632
Vin, Pensionari, Rural, Anul 2001, Litri, 2.232
Vin, Pensionari, Rural, Anul 2002, Litri, 2.278
Vin, Pensionari, Rural, Anul 2003, Litri, 2.19
Vin, Pensionari, Rural, Anul 2004, Litri, 1.845
Vin, Pensionari, Rural, Anul 2005, Litri, 1.616
Vin, Pensionari, Rural, Anul 2006, Litri, 1.317
Vin, Pensionari, Rural, Anul 2007, Litri, 1.375
Vin, Pensionari, Rural, Anul 2008, Litri, 1.443
Vin, Pensionari, Rural, Anul 2009, Litri, 1.569
Vin, Pensionari, Rural, Anul 2010, Litri, 1.53
Vin, Pensionari, Rural, Anul 2011, Litri, 1.31
Vin, Pensionari, Rural, Anul 2012, Litri, 1.361
Vin, Pensionari, Rural, Anul 2013, Litri, 1.434
Vin, Pensionari, Rural, Anul 2014, Litri, 1.421
Vin, Pensionari, Rural, Anul 2015, Litri, 1.314
Vin, Pensionari, Rural, Anul 2016, Litri, 1.31
Vin, Pensionari, Rural, Anul 2017, Litri, 1.358
Vin, Pensionari, Rural, Anul 2018, Litri, 1.322
Vin, Pensionari, Rural, Anul 2019, Litri, 1.222
Vin, Pensionari, Rural, Anul 2020, Litri, 1.255
Vin, Pensionari, Rural, Anul 2021, Litri, 1.137
Vin, Pensionari, Rural, Anul 2022, Litri, 1.238
Bere, Total, Total, Anul 2001, Litri, .554
Bere, Total, Total, Anul 2002, Litri, .549
Bere, Total, Total, Anul 2003, Litri, .634
Bere, Total, Total, Anul 2004, Litri, .701
Bere, Total, Total, Anul 2005, Litri, .797
Bere, Total, Total, Anul 2006, Litri, .919
Bere, Total, Total, Anul 2007, Litri, 1.081
Bere, Total, Total, Anul 2008, Litri, 1.201
Bere, Total, Total, Anul 2009, Litri, 1.165
Bere, Total, Total, Anul 2010, Litri, 1.112
Bere, Total, Total, Anul 2011, Litri, 1.077
Bere, Total, Total, Anul 2012, Litri, 1.125
Bere, Total, Total, Anul 2013, Litri, 1.205
Bere, Total, Total, Anul 2014, Litri, 1.14
Bere, Total, Total, Anul 2015, Litri, 1.292
Bere, Total, Total, Anul 2016, Litri, 1.382
Bere, Total, Total, Anul 2017, Litri, 1.504
Bere, Total, Total, Anul 2018, Litri, 1.54
Bere, Total, Total, Anul 2019, Litri, 1.544
Bere, Total, Total, Anul 2020, Litri, 1.564
Bere, Total, Total, Anul 2021, Litri, 1.673
Bere, Total, Total, Anul 2022, Litri, 1.609
Bere, Total, Urban, Anul 2001, Litri, .625
Bere, Total, Urban, Anul 2002, Litri, .611
Bere, Total, Urban, Anul 2003, Litri, .743
Bere, Total, Urban, Anul 2004, Litri, .798
Bere, Total, Urban, Anul 2005, Litri, .878
Bere, Total, Urban, Anul 2006, Litri, 1.016
Bere, Total, Urban, Anul 2007, Litri, 1.178
Bere, Total, Urban, Anul 2008, Litri, 1.274
Bere, Total, Urban, Anul 2009, Litri, 1.227
Bere, Total, Urban, Anul 2010, Litri, 1.165
Bere, Total, Urban, Anul 2011, Litri, 1.085
Bere, Total, Urban, Anul 2012, Litri, 1.175
Bere, Total, Urban, Anul 2013, Litri, 1.3
Bere, Total, Urban, Anul 2014, Litri, 1.203
Bere, Total, Urban, Anul 2015, Litri, 1.325
Bere, Total, Urban, Anul 2016, Litri, 1.411
Bere, Total, Urban, Anul 2017, Litri, 1.534
Bere, Total, Urban, Anul 2018, Litri, 1.494
Bere, Total, Urban, Anul 2019, Litri, 1.513
Bere, Total, Urban, Anul 2020, Litri, 1.501
Bere, Total, Urban, Anul 2021, Litri, 1.607
Bere, Total, Urban, Anul 2022, Litri, 1.548
Bere, Total, Rural, Anul 2001, Litri, .473
Bere, Total, Rural, Anul 2002, Litri, .477
Bere, Total, Rural, Anul 2003, Litri, .514
Bere, Total, Rural, Anul 2004, Litri, .588
Bere, Total, Rural, Anul 2005, Litri, .701
Bere, Total, Rural, Anul 2006, Litri, .802
Bere, Total, Rural, Anul 2007, Litri, .965
Bere, Total, Rural, Anul 2008, Litri, 1.111
Bere, Total, Rural, Anul 2009, Litri, 1.089
Bere, Total, Rural, Anul 2010, Litri, 1.048
Bere, Total, Rural, Anul 2011, Litri, 1.068
Bere, Total, Rural, Anul 2012, Litri, 1.064
Bere, Total, Rural, Anul 2013, Litri, 1.09
Bere, Total, Rural, Anul 2014, Litri, 1.066
Bere, Total, Rural, Anul 2015, Litri, 1.254
Bere, Total, Rural, Anul 2016, Litri, 1.35
Bere, Total, Rural, Anul 2017, Litri, 1.469
Bere, Total, Rural, Anul 2018, Litri, 1.595
Bere, Total, Rural, Anul 2019, Litri, 1.582
Bere, Total, Rural, Anul 2020, Litri, 1.64
Bere, Total, Rural, Anul 2021, Litri, 1.749
Bere, Total, Rural, Anul 2022, Litri, 1.68
Bere, Salariati, Total, Anul 2001, Litri, .729
Bere, Salariati, Total, Anul 2002, Litri, .708
Bere, Salariati, Total, Anul 2003, Litri, .852
Bere, Salariati, Total, Anul 2004, Litri, .895
Bere, Salariati, Total, Anul 2005, Litri, 1.006
Bere, Salariati, Total, Anul 2006, Litri, 1.179
Bere, Salariati, Total, Anul 2007, Litri, 1.313
Bere, Salariati, Total, Anul 2008, Litri, 1.384
Bere, Salariati, Total, Anul 2009, Litri, 1.342
Bere, Salariati, Total, Anul 2010, Litri, 1.259
Bere, Salariati, Total, Anul 2011, Litri, 1.216
Bere, Salariati, Total, Anul 2012, Litri, 1.282
Bere, Salariati, Total, Anul 2013, Litri, 1.4
Bere, Salariati, Total, Anul 2014, Litri, 1.304
Bere, Salariati, Total, Anul 2015, Litri, 1.437
Bere, Salariati, Total, Anul 2016, Litri, 1.504
Bere, Salariati, Total, Anul 2017, Litri, 1.637
Bere, Salariati, Total, Anul 2018, Litri, 1.683
Bere, Salariati, Total, Anul 2019, Litri, 1.692
Bere, Salariati, Total, Anul 2020, Litri, 1.693
Bere, Salariati, Total, Anul 2021, Litri, 1.796
Bere, Salariati, Total, Anul 2022, Litri, 1.753
Bere, Salariati, Urban, Anul 2001, Litri, .757
Bere, Salariati, Urban, Anul 2002, Litri, .724
Bere, Salariati, Urban, Anul 2003, Litri, .899
Bere, Salariati, Urban, Anul 2004, Litri, .942
Bere, Salariati, Urban, Anul 2005, Litri, 1.033
Bere, Salariati, Urban, Anul 2006, Litri, 1.204
Bere, Salariati, Urban, Anul 2007, Litri, 1.349
Bere, Salariati, Urban, Anul 2008, Litri, 1.431
Bere, Salariati, Urban, Anul 2009, Litri, 1.366
Bere, Salariati, Urban, Anul 2010, Litri, 1.303
Bere, Salariati, Urban, Anul 2011, Litri, 1.224
Bere, Salariati, Urban, Anul 2012, Litri, 1.338
Bere, Salariati, Urban, Anul 2013, Litri, 1.478
Bere, Salariati, Urban, Anul 2014, Litri, 1.368
Bere, Salariati, Urban, Anul 2015, Litri, 1.445
Bere, Salariati, Urban, Anul 2016, Litri, 1.518
Bere, Salariati, Urban, Anul 2017, Litri, 1.644
Bere, Salariati, Urban, Anul 2018, Litri, 1.622
Bere, Salariati, Urban, Anul 2019, Litri, 1.67
Bere, Salariati, Urban, Anul 2020, Litri, 1.609
Bere, Salariati, Urban, Anul 2021, Litri, 1.758
Bere, Salariati, Urban, Anul 2022, Litri, 1.678
Bere, Salariati, Rural, Anul 2001, Litri, .64
Bere, Salariati, Rural, Anul 2002, Litri, .657
Bere, Salariati, Rural, Anul 2003, Litri, .71
Bere, Salariati, Rural, Anul 2004, Litri, .765
Bere, Salariati, Rural, Anul 2005, Litri, .922
Bere, Salariati, Rural, Anul 2006, Litri, 1.105
Bere, Salariati, Rural, Anul 2007, Litri, 1.211
Bere, Salariati, Rural, Anul 2008, Litri, 1.258
Bere, Salariati, Rural, Anul 2009, Litri, 1.278
Bere, Salariati, Rural, Anul 2010, Litri, 1.143
Bere, Salariati, Rural, Anul 2011, Litri, 1.192
Bere, Salariati, Rural, Anul 2012, Litri, 1.134
Bere, Salariati, Rural, Anul 2013, Litri, 1.19
Bere, Salariati, Rural, Anul 2014, Litri, 1.14
Bere, Salariati, Rural, Anul 2015, Litri, 1.418
Bere, Salariati, Rural, Anul 2016, Litri, 1.474
Bere, Salariati, Rural, Anul 2017, Litri, 1.625
Bere, Salariati, Rural, Anul 2018, Litri, 1.8
Bere, Salariati, Rural, Anul 2019, Litri, 1.735
Bere, Salariati, Rural, Anul 2020, Litri, 1.845
Bere, Salariati, Rural, Anul 2021, Litri, 1.865
Bere, Salariati, Rural, Anul 2022, Litri, 1.885
Bere, Someri, Total, Anul 2001, Litri, .366
Bere, Someri, Total, Anul 2002, Litri, .376
Bere, Someri, Total, Anul 2003, Litri, .464
Bere, Someri, Total, Anul 2004, Litri, .621
Bere, Someri, Total, Anul 2005, Litri, .669
Bere, Someri, Total, Anul 2006, Litri, .73
Bere, Someri, Total, Anul 2007, Litri, .859
Bere, Someri, Total, Anul 2008, Litri, .924
Bere, Someri, Total, Anul 2009, Litri, .914
Bere, Someri, Total, Anul 2010, Litri, .849
Bere, Someri, Total, Anul 2011, Litri, .787
Bere, Someri, Total, Anul 2012, Litri, .852
Bere, Someri, Total, Anul 2013, Litri, .931
Bere, Someri, Total, Anul 2014, Litri, .809
Bere, Someri, Total, Anul 2015, Litri, 1.139
Bere, Someri, Total, Anul 2016, Litri, 1.167
Bere, Someri, Total, Anul 2017, Litri, 1.148
Bere, Someri, Total, Anul 2018, Litri, 1.167
Bere, Someri, Total, Anul 2019, Litri, 1.406
Bere, Someri, Total, Anul 2020, Litri, 1.194
Bere, Someri, Total, Anul 2021, Litri, 1.258
Bere, Someri, Total, Anul 2022, Litri, 1.354
Bere, Someri, Urban, Anul 2001, Litri, .38
Bere, Someri, Urban, Anul 2002, Litri, .404
Bere, Someri, Urban, Anul 2003, Litri, .478
Bere, Someri, Urban, Anul 2004, Litri, .657
Bere, Someri, Urban, Anul 2005, Litri, .719
Bere, Someri, Urban, Anul 2006, Litri, .744
Bere, Someri, Urban, Anul 2007, Litri, .93
Bere, Someri, Urban, Anul 2008, Litri, .83
Bere, Someri, Urban, Anul 2009, Litri, .962
Bere, Someri, Urban, Anul 2010, Litri, .806
Bere, Someri, Urban, Anul 2011, Litri, .723
Bere, Someri, Urban, Anul 2012, Litri, .834
Bere, Someri, Urban, Anul 2013, Litri, 1.033
Bere, Someri, Urban, Anul 2014, Litri, .876
Bere, Someri, Urban, Anul 2015, Litri, 1.213
Bere, Someri, Urban, Anul 2016, Litri, 1.409
Bere, Someri, Urban, Anul 2017, Litri, 1.136
Bere, Someri, Urban, Anul 2018, Litri, 1.377
Bere, Someri, Urban, Anul 2019, Litri, 1.561
Bere, Someri, Urban, Anul 2020, Litri, 1.22
Bere, Someri, Urban, Anul 2021, Litri, 1.32
Bere, Someri, Urban, Anul 2022, Litri, 1.341
Bere, Someri, Rural, Anul 2001, Litri, .344
Bere, Someri, Rural, Anul 2002, Litri, .327
Bere, Someri, Rural, Anul 2003, Litri, .436
Bere, Someri, Rural, Anul 2004, Litri, .563
Bere, Someri, Rural, Anul 2005, Litri, .586
Bere, Someri, Rural, Anul 2006, Litri, .71
Bere, Someri, Rural, Anul 2007, Litri, .738
Bere, Someri, Rural, Anul 2008, Litri, 1.06
Bere, Someri, Rural, Anul 2009, Litri, .813
Bere, Someri, Rural, Anul 2010, Litri, .933
Bere, Someri, Rural, Anul 2011, Litri, .913
Bere, Someri, Rural, Anul 2012, Litri, .884
Bere, Someri, Rural, Anul 2013, Litri, .735
Bere, Someri, Rural, Anul 2014, Litri, .682
Bere, Someri, Rural, Anul 2015, Litri, 1.039
Bere, Someri, Rural, Anul 2016, Litri, .848
Bere, Someri, Rural, Anul 2017, Litri, 1.163
Bere, Someri, Rural, Anul 2018, Litri, .981
Bere, Someri, Rural, Anul 2019, Litri, 1.241
Bere, Someri, Rural, Anul 2020, Litri, 1.159
Bere, Someri, Rural, Anul 2021, Litri, 1.201
Bere, Someri, Rural, Anul 2022, Litri, .167
Bere, Pensionari, Total, Anul 2001, Litri, .462
Bere, Pensionari, Total, Anul 2002, Litri, .447
Bere, Pensionari, Total, Anul 2003, Litri, .515
Bere, Pensionari, Total, Anul 2004, Litri, .569
Bere, Pensionari, Total, Anul 2005, Litri, .653
Bere, Pensionari, Total, Anul 2006, Litri, .743
Bere, Pensionari, Total, Anul 2007, Litri, .913
Bere, Pensionari, Total, Anul 2008, Litri, 1.088
Bere, Pensionari, Total, Anul 2009, Litri, 1.054
Bere, Pensionari, Total, Anul 2010, Litri, 1.042
Bere, Pensionari, Total, Anul 2011, Litri, .976
Bere, Pensionari, Total, Anul 2012, Litri, 1.025
Bere, Pensionari, Total, Anul 2013, Litri, 1.066
Bere, Pensionari, Total, Anul 2014, Litri, 1.041
Bere, Pensionari, Total, Anul 2015, Litri, 1.194
Bere, Pensionari, Total, Anul 2016, Litri, 1.272
Bere, Pensionari, Total, Anul 2017, Litri, 1.384
Bere, Pensionari, Total, Anul 2018, Litri, 1.379
Bere, Pensionari, Total, Anul 2019, Litri, 1.354
Bere, Pensionari, Total, Anul 2020, Litri, 1.445
Bere, Pensionari, Total, Anul 2021, Litri, 1.485
Bere, Pensionari, Total, Anul 2022, Litri, 1.403
Bere, Pensionari, Urban, Anul 2001, Litri, .463
Bere, Pensionari, Urban, Anul 2002, Litri, .444
Bere, Pensionari, Urban, Anul 2003, Litri, .556
Bere, Pensionari, Urban, Anul 2004, Litri, .603
Bere, Pensionari, Urban, Anul 2005, Litri, .648
Bere, Pensionari, Urban, Anul 2006, Litri, .769
Bere, Pensionari, Urban, Anul 2007, Litri, .93
Bere, Pensionari, Urban, Anul 2008, Litri, 1.07
Bere, Pensionari, Urban, Anul 2009, Litri, 1.066
Bere, Pensionari, Urban, Anul 2010, Litri, 1.029
Bere, Pensionari, Urban, Anul 2011, Litri, .927
Bere, Pensionari, Urban, Anul 2012, Litri, .982
Bere, Pensionari, Urban, Anul 2013, Litri, 1.096
Bere, Pensionari, Urban, Anul 2014, Litri, 1.039
Bere, Pensionari, Urban, Anul 2015, Litri, 1.204
Bere, Pensionari, Urban, Anul 2016, Litri, 1.253
Bere, Pensionari, Urban, Anul 2017, Litri, 1.361
Bere, Pensionari, Urban, Anul 2018, Litri, 1.322
Bere, Pensionari, Urban, Anul 2019, Litri, 1.245
Bere, Pensionari, Urban, Anul 2020, Litri, 1.348
Bere, Pensionari, Urban, Anul 2021, Litri, 1.367
Bere, Pensionari, Urban, Anul 2022, Litri, 1.347
Bere, Pensionari, Rural, Anul 2001, Litri, .462
Bere, Pensionari, Rural, Anul 2002, Litri, .449
Bere, Pensionari, Rural, Anul 2003, Litri, .482
Bere, Pensionari, Rural, Anul 2004, Litri, .541
Bere, Pensionari, Rural, Anul 2005, Litri, .658
Bere, Pensionari, Rural, Anul 2006, Litri, .719
Bere, Pensionari, Rural, Anul 2007, Litri, .897
Bere, Pensionari, Rural, Anul 2008, Litri, 1.104
Bere, Pensionari, Rural, Anul 2009, Litri, 1.042
Bere, Pensionari, Rural, Anul 2010, Litri, 1.054
Bere, Pensionari, Rural, Anul 2011, Litri, 1.024
Bere, Pensionari, Rural, Anul 2012, Litri, 1.068
Bere, Pensionari, Rural, Anul 2013, Litri, 1.036
Bere, Pensionari, Rural, Anul 2014, Litri, 1.043
Bere, Pensionari, Rural, Anul 2015, Litri, 1.184
Bere, Pensionari, Rural, Anul 2016, Litri, 1.291
Bere, Pensionari, Rural, Anul 2017, Litri, 1.409
Bere, Pensionari, Rural, Anul 2018, Litri, 1.438
Bere, Pensionari, Rural, Anul 2019, Litri, 1.463
Bere, Pensionari, Rural, Anul 2020, Litri, 1.546
Bere, Pensionari, Rural, Anul 2021, Litri, 1.608
Bere, Pensionari, Rural, Anul 2022, Litri, 1.462
Tuica si rachiuri naturale, Total, Total, Anul 2001, Litri, .279
Tuica si rachiuri naturale, Total, Total, Anul 2002, Litri, .252
Tuica si rachiuri naturale, Total, Total, Anul 2003, Litri, .256
Tuica si rachiuri naturale, Total, Total, Anul 2004, Litri, .256
Tuica si rachiuri naturale, Total, Total, Anul 2005, Litri, .232
Tuica si rachiuri naturale, Total, Total, Anul 2006, Litri, .213
Tuica si rachiuri naturale, Total, Total, Anul 2007, Litri, .213
Tuica si rachiuri naturale, Total, Total, Anul 2008, Litri, .224
Tuica si rachiuri naturale, Total, Total, Anul 2009, Litri, .23
Tuica si rachiuri naturale, Total, Total, Anul 2010, Litri, .218
Tuica si rachiuri naturale, Total, Total, Anul 2011, Litri, .217
Tuica si rachiuri naturale, Total, Total, Anul 2012, Litri, .205
Tuica si rachiuri naturale, Total, Total, Anul 2013, Litri, .206
Tuica si rachiuri naturale, Total, Total, Anul 2014, Litri, .221
Tuica si rachiuri naturale, Total, Total, Anul 2015, Litri, .2
Tuica si rachiuri naturale, Total, Total, Anul 2016, Litri, .21
Tuica si rachiuri naturale, Total, Total, Anul 2017, Litri, .212
Tuica si rachiuri naturale, Total, Total, Anul 2018, Litri, .204
Tuica si rachiuri naturale, Total, Total, Anul 2019, Litri, .211
Tuica si rachiuri naturale, Total, Total, Anul 2020, Litri, .192
Tuica si rachiuri naturale, Total, Total, Anul 2021, Litri, .193
Tuica si rachiuri naturale, Total, Total, Anul 2022, Litri, .193
Tuica si rachiuri naturale, Total, Urban, Anul 2001, Litri, .153
Tuica si rachiuri naturale, Total, Urban, Anul 2002, Litri, .131
Tuica si rachiuri naturale, Total, Urban, Anul 2003, Litri, .13
Tuica si rachiuri naturale, Total, Urban, Anul 2004, Litri, .144
Tuica si rachiuri naturale, Total, Urban, Anul 2005, Litri, .131
Tuica si rachiuri naturale, Total, Urban, Anul 2006, Litri, .121
Tuica si rachiuri naturale, Total, Urban, Anul 2007, Litri, .115
Tuica si rachiuri naturale, Total, Urban, Anul 2008, Litri, .122
Tuica si rachiuri naturale, Total, Urban, Anul 2009, Litri, .12
Tuica si rachiuri naturale, Total, Urban, Anul 2010, Litri, .12
Tuica si rachiuri naturale, Total, Urban, Anul 2011, Litri, .12
Tuica si rachiuri naturale, Total, Urban, Anul 2012, Litri, .115
Tuica si rachiuri naturale, Total, Urban, Anul 2013, Litri, .117
Tuica si rachiuri naturale, Total, Urban, Anul 2014, Litri, .124
Tuica si rachiuri naturale, Total, Urban, Anul 2015, Litri, .115
Tuica si rachiuri naturale, Total, Urban, Anul 2016, Litri, .131
Tuica si rachiuri naturale, Total, Urban, Anul 2017, Litri, .13
Tuica si rachiuri naturale, Total, Urban, Anul 2018, Litri, .116
Tuica si rachiuri naturale, Total, Urban, Anul 2019, Litri, .126
Tuica si rachiuri naturale, Total, Urban, Anul 2020, Litri, .112
Tuica si rachiuri naturale, Total, Urban, Anul 2021, Litri, .104
Tuica si rachiuri naturale, Total, Urban, Anul 2022, Litri, .11
Tuica si rachiuri naturale, Total, Rural, Anul 2001, Litri, .424
Tuica si rachiuri naturale, Total, Rural, Anul 2002, Litri, .391
Tuica si rachiuri naturale, Total, Rural, Anul 2003, Litri, .394
Tuica si rachiuri naturale, Total, Rural, Anul 2004, Litri, .384
Tuica si rachiuri naturale, Total, Rural, Anul 2005, Litri, .353
Tuica si rachiuri naturale, Total, Rural, Anul 2006, Litri, .323
Tuica si rachiuri naturale, Total, Rural, Anul 2007, Litri, .334
Tuica si rachiuri naturale, Total, Rural, Anul 2008, Litri, .348
Tuica si rachiuri naturale, Total, Rural, Anul 2009, Litri, .363
Tuica si rachiuri naturale, Total, Rural, Anul 2010, Litri, .338
Tuica si rachiuri naturale, Total, Rural, Anul 2011, Litri, .336
Tuica si rachiuri naturale, Total, Rural, Anul 2012, Litri, .314
Tuica si rachiuri naturale, Total, Rural, Anul 2013, Litri, .314
Tuica si rachiuri naturale, Total, Rural, Anul 2014, Litri, .334
Tuica si rachiuri naturale, Total, Rural, Anul 2015, Litri, .3
Tuica si rachiuri naturale, Total, Rural, Anul 2016, Litri, .303
Tuica si rachiuri naturale, Total, Rural, Anul 2017, Litri, .307
Tuica si rachiuri naturale, Total, Rural, Anul 2018, Litri, .308
Tuica si rachiuri naturale, Total, Rural, Anul 2019, Litri, .312
Tuica si rachiuri naturale, Total, Rural, Anul 2020, Litri, .286
Tuica si rachiuri naturale, Total, Rural, Anul 2021, Litri, .298
Tuica si rachiuri naturale, Total, Rural, Anul 2022, Litri, .291
Tuica si rachiuri naturale, Salariati, Total, Anul 2001, Litri, .205
Tuica si rachiuri naturale, Salariati, Total, Anul 2002, Litri, .168
Tuica si rachiuri naturale, Salariati, Total, Anul 2003, Litri, .169
Tuica si rachiuri naturale, Salariati, Total, Anul 2004, Litri, .18
Tuica si rachiuri naturale, Salariati, Total, Anul 2005, Litri, .167
Tuica si rachiuri naturale, Salariati, Total, Anul 2006, Litri, .148
Tuica si rachiuri naturale, Salariati, Total, Anul 2007, Litri, .154
Tuica si rachiuri naturale, Salariati, Total, Anul 2008, Litri, .152
Tuica si rachiuri naturale, Salariati, Total, Anul 2009, Litri, .161
Tuica si rachiuri naturale, Salariati, Total, Anul 2010, Litri, .156
Tuica si rachiuri naturale, Salariati, Total, Anul 2011, Litri, .153
Tuica si rachiuri naturale, Salariati, Total, Anul 2012, Litri, .151
Tuica si rachiuri naturale, Salariati, Total, Anul 2013, Litri, .151
Tuica si rachiuri naturale, Salariati, Total, Anul 2014, Litri, .161
Tuica si rachiuri naturale, Salariati, Total, Anul 2015, Litri, .15
Tuica si rachiuri naturale, Salariati, Total, Anul 2016, Litri, .169
Tuica si rachiuri naturale, Salariati, Total, Anul 2017, Litri, .17
Tuica si rachiuri naturale, Salariati, Total, Anul 2018, Litri, .155
Tuica si rachiuri naturale, Salariati, Total, Anul 2019, Litri, .16
Tuica si rachiuri naturale, Salariati, Total, Anul 2020, Litri, .152
Tuica si rachiuri naturale, Salariati, Total, Anul 2021, Litri, .152
Tuica si rachiuri naturale, Salariati, Total, Anul 2022, Litri, .153
Tuica si rachiuri naturale, Salariati, Urban, Anul 2001, Litri, .15
Tuica si rachiuri naturale, Salariati, Urban, Anul 2002, Litri, .12
Tuica si rachiuri naturale, Salariati, Urban, Anul 2003, Litri, .12
Tuica si rachiuri naturale, Salariati, Urban, Anul 2004, Litri, .132
Tuica si rachiuri naturale, Salariati, Urban, Anul 2005, Litri, .118
Tuica si rachiuri naturale, Salariati, Urban, Anul 2006, Litri, .105
Tuica si rachiuri naturale, Salariati, Urban, Anul 2007, Litri, .102
Tuica si rachiuri naturale, Salariati, Urban, Anul 2008, Litri, .11
Tuica si rachiuri naturale, Salariati, Urban, Anul 2009, Litri, .111
Tuica si rachiuri naturale, Salariati, Urban, Anul 2010, Litri, .109
Tuica si rachiuri naturale, Salariati, Urban, Anul 2011, Litri, .104
Tuica si rachiuri naturale, Salariati, Urban, Anul 2012, Litri, .111
Tuica si rachiuri naturale, Salariati, Urban, Anul 2013, Litri, .107
Tuica si rachiuri naturale, Salariati, Urban, Anul 2014, Litri, .111
Tuica si rachiuri naturale, Salariati, Urban, Anul 2015, Litri, .103
Tuica si rachiuri naturale, Salariati, Urban, Anul 2016, Litri, .117
Tuica si rachiuri naturale, Salariati, Urban, Anul 2017, Litri, .117
Tuica si rachiuri naturale, Salariati, Urban, Anul 2018, Litri, .102
Tuica si rachiuri naturale, Salariati, Urban, Anul 2019, Litri, .112
Tuica si rachiuri naturale, Salariati, Urban, Anul 2020, Litri, .1
Tuica si rachiuri naturale, Salariati, Urban, Anul 2021, Litri, .09
Tuica si rachiuri naturale, Salariati, Urban, Anul 2022, Litri, .099
Tuica si rachiuri naturale, Salariati, Rural, Anul 2001, Litri, .379
Tuica si rachiuri naturale, Salariati, Rural, Anul 2002, Litri, .33
Tuica si rachiuri naturale, Salariati, Rural, Anul 2003, Litri, .32
Tuica si rachiuri naturale, Salariati, Rural, Anul 2004, Litri, .312
Tuica si rachiuri naturale, Salariati, Rural, Anul 2005, Litri, .316
Tuica si rachiuri naturale, Salariati, Rural, Anul 2006, Litri, .271
Tuica si rachiuri naturale, Salariati, Rural, Anul 2007, Litri, .298
Tuica si rachiuri naturale, Salariati, Rural, Anul 2008, Litri, .265
Tuica si rachiuri naturale, Salariati, Rural, Anul 2009, Litri, .293
Tuica si rachiuri naturale, Salariati, Rural, Anul 2010, Litri, .281
Tuica si rachiuri naturale, Salariati, Rural, Anul 2011, Litri, .289
Tuica si rachiuri naturale, Salariati, Rural, Anul 2012, Litri, .256
Tuica si rachiuri naturale, Salariati, Rural, Anul 2013, Litri, .271
Tuica si rachiuri naturale, Salariati, Rural, Anul 2014, Litri, .287
Tuica si rachiuri naturale, Salariati, Rural, Anul 2015, Litri, .251
Tuica si rachiuri naturale, Salariati, Rural, Anul 2016, Litri, .277
Tuica si rachiuri naturale, Salariati, Rural, Anul 2017, Litri, .27
Tuica si rachiuri naturale, Salariati, Rural, Anul 2018, Litri, .259
Tuica si rachiuri naturale, Salariati, Rural, Anul 2019, Litri, .257
Tuica si rachiuri naturale, Salariati, Rural, Anul 2020, Litri, .246
Tuica si rachiuri naturale, Salariati, Rural, Anul 2021, Litri, .263
Tuica si rachiuri naturale, Salariati, Rural, Anul 2022, Litri, .248
Tuica si rachiuri naturale, Someri, Total, Anul 2001, Litri, .216
Tuica si rachiuri naturale, Someri, Total, Anul 2002, Litri, .193
Tuica si rachiuri naturale, Someri, Total, Anul 2003, Litri, .178
Tuica si rachiuri naturale, Someri, Total, Anul 2004, Litri, .19
Tuica si rachiuri naturale, Someri, Total, Anul 2005, Litri, .176
Tuica si rachiuri naturale, Someri, Total, Anul 2006, Litri, .168
Tuica si rachiuri naturale, Someri, Total, Anul 2007, Litri, .161
Tuica si rachiuri naturale, Someri, Total, Anul 2008, Litri, .145
Tuica si rachiuri naturale, Someri, Total, Anul 2009, Litri, .151
Tuica si rachiuri naturale, Someri, Total, Anul 2010, Litri, .168
Tuica si rachiuri naturale, Someri, Total, Anul 2011, Litri, .175
Tuica si rachiuri naturale, Someri, Total, Anul 2012, Litri, .119
Tuica si rachiuri naturale, Someri, Total, Anul 2013, Litri, .152
Tuica si rachiuri naturale, Someri, Total, Anul 2014, Litri, .151
Tuica si rachiuri naturale, Someri, Total, Anul 2015, Litri, .199
Tuica si rachiuri naturale, Someri, Total, Anul 2016, Litri, .143
Tuica si rachiuri naturale, Someri, Total, Anul 2017, Litri, .15
Tuica si rachiuri naturale, Someri, Total, Anul 2018, Litri, .158
Tuica si rachiuri naturale, Someri, Total, Anul 2019, Litri, .169
Tuica si rachiuri naturale, Someri, Total, Anul 2020, Litri, .157
Tuica si rachiuri naturale, Someri, Total, Anul 2021, Litri, .128
Tuica si rachiuri naturale, Someri, Total, Anul 2022, Litri, .167
Tuica si rachiuri naturale, Someri, Urban, Anul 2001, Litri, .119
Tuica si rachiuri naturale, Someri, Urban, Anul 2002, Litri, .13
Tuica si rachiuri naturale, Someri, Urban, Anul 2003, Litri, .12
Tuica si rachiuri naturale, Someri, Urban, Anul 2004, Litri, .148
Tuica si rachiuri naturale, Someri, Urban, Anul 2005, Litri, .133
Tuica si rachiuri naturale, Someri, Urban, Anul 2006, Litri, .127
Tuica si rachiuri naturale, Someri, Urban, Anul 2007, Litri, .133
Tuica si rachiuri naturale, Someri, Urban, Anul 2008, Litri, .11
Tuica si rachiuri naturale, Someri, Urban, Anul 2009, Litri, .099
Tuica si rachiuri naturale, Someri, Urban, Anul 2010, Litri, .098
Tuica si rachiuri naturale, Someri, Urban, Anul 2011, Litri, .118
Tuica si rachiuri naturale, Someri, Urban, Anul 2012, Litri, .097
Tuica si rachiuri naturale, Someri, Urban, Anul 2013, Litri, .096
Tuica si rachiuri naturale, Someri, Urban, Anul 2014, Litri, .107
Tuica si rachiuri naturale, Someri, Urban, Anul 2015, Litri, .107
Tuica si rachiuri naturale, Someri, Urban, Anul 2016, Litri, .143
Tuica si rachiuri naturale, Someri, Urban, Anul 2017, Litri, .101
Tuica si rachiuri naturale, Someri, Urban, Anul 2018, Litri, .077
Tuica si rachiuri naturale, Someri, Urban, Anul 2019, Litri, .115
Tuica si rachiuri naturale, Someri, Urban, Anul 2020, Litri, .102
Tuica si rachiuri naturale, Someri, Urban, Anul 2021, Litri, .089
Tuica si rachiuri naturale, Someri, Urban, Anul 2022, Litri, .165
Tuica si rachiuri naturale, Someri, Rural, Anul 2001, Litri, .38
Tuica si rachiuri naturale, Someri, Rural, Anul 2002, Litri, .302
Tuica si rachiuri naturale, Someri, Rural, Anul 2003, Litri, .287
Tuica si rachiuri naturale, Someri, Rural, Anul 2004, Litri, .259
Tuica si rachiuri naturale, Someri, Rural, Anul 2005, Litri, .247
Tuica si rachiuri naturale, Someri, Rural, Anul 2006, Litri, .225
Tuica si rachiuri naturale, Someri, Rural, Anul 2007, Litri, .208
Tuica si rachiuri naturale, Someri, Rural, Anul 2008, Litri, .196
Tuica si rachiuri naturale, Someri, Rural, Anul 2009, Litri, .261
Tuica si rachiuri naturale, Someri, Rural, Anul 2010, Litri, .304
Tuica si rachiuri naturale, Someri, Rural, Anul 2011, Litri, .286
Tuica si rachiuri naturale, Someri, Rural, Anul 2012, Litri, .158
Tuica si rachiuri naturale, Someri, Rural, Anul 2013, Litri, .26
Tuica si rachiuri naturale, Someri, Rural, Anul 2014, Litri, .235
Tuica si rachiuri naturale, Someri, Rural, Anul 2015, Litri, .324
Tuica si rachiuri naturale, Someri, Rural, Anul 2016, Litri, .142
Tuica si rachiuri naturale, Someri, Rural, Anul 2017, Litri, .207
Tuica si rachiuri naturale, Someri, Rural, Anul 2018, Litri, .23
Tuica si rachiuri naturale, Someri, Rural, Anul 2019, Litri, .226
Tuica si rachiuri naturale, Someri, Rural, Anul 2020, Litri, .232
Tuica si rachiuri naturale, Someri, Rural, Anul 2021, Litri, .163
Tuica si rachiuri naturale, Someri, Rural, Anul 2022, Litri, .17
Tuica si rachiuri naturale, Pensionari, Total, Anul 2001, Litri, .347
Tuica si rachiuri naturale, Pensionari, Total, Anul 2002, Litri, .324
Tuica si rachiuri naturale, Pensionari, Total, Anul 2003, Litri, .331
Tuica si rachiuri naturale, Pensionari, Total, Anul 2004, Litri, .34
Tuica si rachiuri naturale, Pensionari, Total, Anul 2005, Litri, .293
Tuica si rachiuri naturale, Pensionari, Total, Anul 2006, Litri, .275
Tuica si rachiuri naturale, Pensionari, Total, Anul 2007, Litri, .275
Tuica si rachiuri naturale, Pensionari, Total, Anul 2008, Litri, .301
Tuica si rachiuri naturale, Pensionari, Total, Anul 2009, Litri, .292
Tuica si rachiuri naturale, Pensionari, Total, Anul 2010, Litri, .277
Tuica si rachiuri naturale, Pensionari, Total, Anul 2011, Litri, .271
Tuica si rachiuri naturale, Pensionari, Total, Anul 2012, Litri, .251
Tuica si rachiuri naturale, Pensionari, Total, Anul 2013, Litri, .252
Tuica si rachiuri naturale, Pensionari, Total, Anul 2014, Litri, .263
Tuica si rachiuri naturale, Pensionari, Total, Anul 2015, Litri, .251
Tuica si rachiuri naturale, Pensionari, Total, Anul 2016, Litri, .247
Tuica si rachiuri naturale, Pensionari, Total, Anul 2017, Litri, .251
Tuica si rachiuri naturale, Pensionari, Total, Anul 2018, Litri, .256
Tuica si rachiuri naturale, Pensionari, Total, Anul 2019, Litri, .263
Tuica si rachiuri naturale, Pensionari, Total, Anul 2020, Litri, .237
Tuica si rachiuri naturale, Pensionari, Total, Anul 2021, Litri, .242
Tuica si rachiuri naturale, Pensionari, Total, Anul 2022, Litri, .241
Tuica si rachiuri naturale, Pensionari, Urban, Anul 2001, Litri, .171
Tuica si rachiuri naturale, Pensionari, Urban, Anul 2002, Litri, .147
Tuica si rachiuri naturale, Pensionari, Urban, Anul 2003, Litri, .15
Tuica si rachiuri naturale, Pensionari, Urban, Anul 2004, Litri, .159
Tuica si rachiuri naturale, Pensionari, Urban, Anul 2005, Litri, .144
Tuica si rachiuri naturale, Pensionari, Urban, Anul 2006, Litri, .138
Tuica si rachiuri naturale, Pensionari, Urban, Anul 2007, Litri, .125
Tuica si rachiuri naturale, Pensionari, Urban, Anul 2008, Litri, .141
Tuica si rachiuri naturale, Pensionari, Urban, Anul 2009, Litri, .135
Tuica si rachiuri naturale, Pensionari, Urban, Anul 2010, Litri, .137
Tuica si rachiuri naturale, Pensionari, Urban, Anul 2011, Litri, .14
Tuica si rachiuri naturale, Pensionari, Urban, Anul 2012, Litri, .123
Tuica si rachiuri naturale, Pensionari, Urban, Anul 2013, Litri, .132
Tuica si rachiuri naturale, Pensionari, Urban, Anul 2014, Litri, .138
Tuica si rachiuri naturale, Pensionari, Urban, Anul 2015, Litri, .129
Tuica si rachiuri naturale, Pensionari, Urban, Anul 2016, Litri, .15
Tuica si rachiuri naturale, Pensionari, Urban, Anul 2017, Litri, .152
Tuica si rachiuri naturale, Pensionari, Urban, Anul 2018, Litri, .143
Tuica si rachiuri naturale, Pensionari, Urban, Anul 2019, Litri, .15
Tuica si rachiuri naturale, Pensionari, Urban, Anul 2020, Litri, .133
Tuica si rachiuri naturale, Pensionari, Urban, Anul 2021, Litri, .132
Tuica si rachiuri naturale, Pensionari, Urban, Anul 2022, Litri, .13
Tuica si rachiuri naturale, Pensionari, Rural, Anul 2001, Litri, .495
Tuica si rachiuri naturale, Pensionari, Rural, Anul 2002, Litri, .469
Tuica si rachiuri naturale, Pensionari, Rural, Anul 2003, Litri, .476
Tuica si rachiuri naturale, Pensionari, Rural, Anul 2004, Litri, .491
Tuica si rachiuri naturale, Pensionari, Rural, Anul 2005, Litri, .425
Tuica si rachiuri naturale, Pensionari, Rural, Anul 2006, Litri, .4
Tuica si rachiuri naturale, Pensionari, Rural, Anul 2007, Litri, .411
Tuica si rachiuri naturale, Pensionari, Rural, Anul 2008, Litri, .452
Tuica si rachiuri naturale, Pensionari, Rural, Anul 2009, Litri, .44
Tuica si rachiuri naturale, Pensionari, Rural, Anul 2010, Litri, .405
Tuica si rachiuri naturale, Pensionari, Rural, Anul 2011, Litri, .396
Tuica si rachiuri naturale, Pensionari, Rural, Anul 2012, Litri, .378
Tuica si rachiuri naturale, Pensionari, Rural, Anul 2013, Litri, .37
Tuica si rachiuri naturale, Pensionari, Rural, Anul 2014, Litri, .384
Tuica si rachiuri naturale, Pensionari, Rural, Anul 2015, Litri, .372
Tuica si rachiuri naturale, Pensionari, Rural, Anul 2016, Litri, .34
Tuica si rachiuri naturale, Pensionari, Rural, Anul 2017, Litri, .357
Tuica si rachiuri naturale, Pensionari, Rural, Anul 2018, Litri, .377
Tuica si rachiuri naturale, Pensionari, Rural, Anul 2019, Litri, .375
Tuica si rachiuri naturale, Pensionari, Rural, Anul 2020, Litri, .344
Tuica si rachiuri naturale, Pensionari, Rural, Anul 2021, Litri, .357
Tuica si rachiuri naturale, Pensionari, Rural, Anul 2022, Litri, .36
