 Perioade,Termekek,Szocialis_retegek,Lakhely,Mertekegyseg,Ertek
2001-01-01,Total,Total,Total,Litri,2.159
2002-01-01,Total,Total,Total,Litri,2.137
2003-01-01,Total,Total,Total,Litri,2.231
2004-01-01,Total,Total,Total,Litri,2.101
2005-01-01,Total,Total,Total,Litri,2.056
2006-01-01,Total,Total,Total,Litri,1.995
2007-01-01,Total,Total,Total,Litri,2.241
2008-01-01,Total,Total,Total,Litri,2.404
2009-01-01,Total,Total,Total,Litri,2.403
2010-01-01,Total,Total,Total,Litri,2.308
2011-01-01,Total,Total,Total,Litri,2.188
2012-01-01,Total,Total,Total,Litri,2.23
2013-01-01,Total,Total,Total,Litri,2.317
2014-01-01,Total,Total,Total,Litri,2.273
2015-01-01,Total,Total,Total,Litri,2.393
2016-01-01,Total,Total,Total,Litri,2.513
2017-01-01,Total,Total,Total,Litri,2.64
2018-01-01,Total,Total,Total,Litri,2.666
2019-01-01,Total,Total,Total,Litri,2.679
2020-01-01,Total,Total,Total,Litri,2.628
2021-01-01,Total,Total,Total,Litri,2.753
2022-01-01,Total,Total,Total,Litri,2.751
2001-01-01,Total,Total,Városi,Litri,1.561
2002-01-01,Total,Total,Városi,Litri,1.513
2003-01-01,Total,Total,Városi,Litri,1.624
2004-01-01,Total,Total,Városi,Litri,1.689
2005-01-01,Total,Total,Városi,Litri,1.678
2006-01-01,Total,Total,Városi,Litri,1.725
2007-01-01,Total,Total,Városi,Litri,1.949
2008-01-01,Total,Total,Városi,Litri,2.068
2009-01-01,Total,Total,Városi,Litri,2.018
2010-01-01,Total,Total,Városi,Litri,1.929
2011-01-01,Total,Total,Városi,Litri,1.817
2012-01-01,Total,Total,Városi,Litri,1.896
2013-01-01,Total,Total,Városi,Litri,2.033
2014-01-01,Total,Total,Városi,Litri,1.959
2015-01-01,Total,Total,Városi,Litri,2.079
2016-01-01,Total,Total,Városi,Litri,2.212
2017-01-01,Total,Total,Városi,Litri,2.35
2018-01-01,Total,Total,Városi,Litri,2.288
2019-01-01,Total,Total,Városi,Litri,2.377
2020-01-01,Total,Total,Városi,Litri,2.263
2021-01-01,Total,Total,Városi,Litri,2.41
2022-01-01,Total,Total,Városi,Litri,2.378
2001-01-01,Total,Total,Vidéki,Litri,2.846
2002-01-01,Total,Total,Vidéki,Litri,2.857
2003-01-01,Total,Total,Vidéki,Litri,2.9
2004-01-01,Total,Total,Vidéki,Litri,2.575
2005-01-01,Total,Total,Vidéki,Litri,2.504
2006-01-01,Total,Total,Vidéki,Litri,2.323
2007-01-01,Total,Total,Vidéki,Litri,2.596
2008-01-01,Total,Total,Vidéki,Litri,2.815
2009-01-01,Total,Total,Vidéki,Litri,2.871
2010-01-01,Total,Total,Vidéki,Litri,2.768
2011-01-01,Total,Total,Vidéki,Litri,2.64
2012-01-01,Total,Total,Vidéki,Litri,2.633
2013-01-01,Total,Total,Vidéki,Litri,2.661
2014-01-01,Total,Total,Vidéki,Litri,2.644
2015-01-01,Total,Total,Vidéki,Litri,2.762
2016-01-01,Total,Total,Vidéki,Litri,2.865
2017-01-01,Total,Total,Vidéki,Litri,2.978
2018-01-01,Total,Total,Vidéki,Litri,3.111
2019-01-01,Total,Total,Vidéki,Litri,3.035
2020-01-01,Total,Total,Vidéki,Litri,3.056
2021-01-01,Total,Total,Vidéki,Litri,3.158
2022-01-01,Total,Total,Vidéki,Litri,3.192
2001-01-01,Total,Alkalmazottak,Total,Litri,1.871
2002-01-01,Total,Alkalmazottak,Total,Litri,1.801
2003-01-01,Total,Alkalmazottak,Total,Litri,1.967
2004-01-01,Total,Alkalmazottak,Total,Litri,1.968
2005-01-01,Total,Alkalmazottak,Total,Litri,1.947
2006-01-01,Total,Alkalmazottak,Total,Litri,1.996
2007-01-01,Total,Alkalmazottak,Total,Litri,2.224
2008-01-01,Total,Alkalmazottak,Total,Litri,2.28
2009-01-01,Total,Alkalmazottak,Total,Litri,2.254
2010-01-01,Total,Alkalmazottak,Total,Litri,2.167
2011-01-01,Total,Alkalmazottak,Total,Litri,2.058
2012-01-01,Total,Alkalmazottak,Total,Litri,2.138
2013-01-01,Total,Alkalmazottak,Total,Litri,2.247
2014-01-01,Total,Alkalmazottak,Total,Litri,2.157
2015-01-01,Total,Alkalmazottak,Total,Litri,2.352
2016-01-01,Total,Alkalmazottak,Total,Litri,2.456
2017-01-01,Total,Alkalmazottak,Total,Litri,2.597
2018-01-01,Total,Alkalmazottak,Total,Litri,2.65
2019-01-01,Total,Alkalmazottak,Total,Litri,2.696
2020-01-01,Total,Alkalmazottak,Total,Litri,2.604
2021-01-01,Total,Alkalmazottak,Total,Litri,2.774
2022-01-01,Total,Alkalmazottak,Total,Litri,2.814
2001-01-01,Total,Alkalmazottak,Városi,Litri,1.649
2002-01-01,Total,Alkalmazottak,Városi,Litri,1.588
2003-01-01,Total,Alkalmazottak,Városi,Litri,1.77
2004-01-01,Total,Alkalmazottak,Városi,Litri,1.807
2005-01-01,Total,Alkalmazottak,Városi,Litri,1.806
2006-01-01,Total,Alkalmazottak,Városi,Litri,1.88
2007-01-01,Total,Alkalmazottak,Városi,Litri,2.116
2008-01-01,Total,Alkalmazottak,Városi,Litri,2.165
2009-01-01,Total,Alkalmazottak,Városi,Litri,2.131
2010-01-01,Total,Alkalmazottak,Városi,Litri,2.036
2011-01-01,Total,Alkalmazottak,Városi,Litri,1.919
2012-01-01,Total,Alkalmazottak,Városi,Litri,2.053
2013-01-01,Total,Alkalmazottak,Városi,Litri,2.169
2014-01-01,Total,Alkalmazottak,Városi,Litri,2.084
2015-01-01,Total,Alkalmazottak,Városi,Litri,2.213
2016-01-01,Total,Alkalmazottak,Városi,Litri,2.312
2017-01-01,Total,Alkalmazottak,Városi,Litri,2.464
2018-01-01,Total,Alkalmazottak,Városi,Litri,2.424
2019-01-01,Total,Alkalmazottak,Városi,Litri,2.554
2020-01-01,Total,Alkalmazottak,Városi,Litri,2.366
2021-01-01,Total,Alkalmazottak,Városi,Litri,2.58
2022-01-01,Total,Alkalmazottak,Városi,Litri,2.538
2001-01-01,Total,Alkalmazottak,Vidéki,Litri,2.577
2002-01-01,Total,Alkalmazottak,Vidéki,Litri,2.501
2003-01-01,Total,Alkalmazottak,Vidéki,Litri,2.566
2004-01-01,Total,Alkalmazottak,Vidéki,Litri,2.411
2005-01-01,Total,Alkalmazottak,Vidéki,Litri,2.379
2006-01-01,Total,Alkalmazottak,Vidéki,Litri,2.333
2007-01-01,Total,Alkalmazottak,Vidéki,Litri,2.53
2008-01-01,Total,Alkalmazottak,Vidéki,Litri,2.585
2009-01-01,Total,Alkalmazottak,Vidéki,Litri,2.577
2010-01-01,Total,Alkalmazottak,Vidéki,Litri,2.52
2011-01-01,Total,Alkalmazottak,Vidéki,Litri,2.441
2012-01-01,Total,Alkalmazottak,Vidéki,Litri,2.358
2013-01-01,Total,Alkalmazottak,Vidéki,Litri,2.456
2014-01-01,Total,Alkalmazottak,Vidéki,Litri,2.344
2015-01-01,Total,Alkalmazottak,Vidéki,Litri,2.648
2016-01-01,Total,Alkalmazottak,Vidéki,Litri,2.762
2017-01-01,Total,Alkalmazottak,Vidéki,Litri,2.852
2018-01-01,Total,Alkalmazottak,Vidéki,Litri,3.084
2019-01-01,Total,Alkalmazottak,Vidéki,Litri,2.977
2020-01-01,Total,Alkalmazottak,Vidéki,Litri,3.034
2021-01-01,Total,Alkalmazottak,Vidéki,Litri,3.124
2022-01-01,Total,Alkalmazottak,Vidéki,Litri,3.3
2001-01-01,Total,Munkanélküliek,Total,Litri,1.552
2002-01-01,Total,Munkanélküliek,Total,Litri,1.438
2003-01-01,Total,Munkanélküliek,Total,Litri,1.585
2004-01-01,Total,Munkanélküliek,Total,Litri,1.558
2005-01-01,Total,Munkanélküliek,Total,Litri,1.533
2006-01-01,Total,Munkanélküliek,Total,Litri,1.454
2007-01-01,Total,Munkanélküliek,Total,Litri,1.584
2008-01-01,Total,Munkanélküliek,Total,Litri,1.704
2009-01-01,Total,Munkanélküliek,Total,Litri,1.681
2010-01-01,Total,Munkanélküliek,Total,Litri,1.667
2011-01-01,Total,Munkanélküliek,Total,Litri,1.591
2012-01-01,Total,Munkanélküliek,Total,Litri,1.551
2013-01-01,Total,Munkanélküliek,Total,Litri,1.67
2014-01-01,Total,Munkanélküliek,Total,Litri,1.569
2015-01-01,Total,Munkanélküliek,Total,Litri,2.023
2016-01-01,Total,Munkanélküliek,Total,Litri,1.965
2017-01-01,Total,Munkanélküliek,Total,Litri,1.833
2018-01-01,Total,Munkanélküliek,Total,Litri,1.95
2019-01-01,Total,Munkanélküliek,Total,Litri,2.232
2020-01-01,Total,Munkanélküliek,Total,Litri,2.003
2021-01-01,Total,Munkanélküliek,Total,Litri,2.028
2022-01-01,Total,Munkanélküliek,Total,Litri,2.025
2001-01-01,Total,Munkanélküliek,Városi,Litri,1.162
2002-01-01,Total,Munkanélküliek,Városi,Litri,1.244
2003-01-01,Total,Munkanélküliek,Városi,Litri,1.215
2004-01-01,Total,Munkanélküliek,Városi,Litri,1.444
2005-01-01,Total,Munkanélküliek,Városi,Litri,1.446
2006-01-01,Total,Munkanélküliek,Városi,Litri,1.339
2007-01-01,Total,Munkanélküliek,Városi,Litri,1.625
2008-01-01,Total,Munkanélküliek,Városi,Litri,1.573
2009-01-01,Total,Munkanélküliek,Városi,Litri,1.558
2010-01-01,Total,Munkanélküliek,Városi,Litri,1.462
2011-01-01,Total,Munkanélküliek,Városi,Litri,1.329
2012-01-01,Total,Munkanélküliek,Városi,Litri,1.409
2013-01-01,Total,Munkanélküliek,Városi,Litri,1.664
2014-01-01,Total,Munkanélküliek,Városi,Litri,1.542
2015-01-01,Total,Munkanélküliek,Városi,Litri,1.886
2016-01-01,Total,Munkanélküliek,Városi,Litri,2.066
2017-01-01,Total,Munkanélküliek,Városi,Litri,1.702
2018-01-01,Total,Munkanélküliek,Városi,Litri,1.859
2019-01-01,Total,Munkanélküliek,Városi,Litri,2.214
2020-01-01,Total,Munkanélküliek,Városi,Litri,1.799
2021-01-01,Total,Munkanélküliek,Városi,Litri,1.881
2022-01-01,Total,Munkanélküliek,Városi,Litri,1.839
2001-01-01,Total,Munkanélküliek,Vidéki,Litri,2.22
2002-01-01,Total,Munkanélküliek,Vidéki,Litri,1.777
2003-01-01,Total,Munkanélküliek,Vidéki,Litri,2.287
2004-01-01,Total,Munkanélküliek,Vidéki,Litri,1.746
2005-01-01,Total,Munkanélküliek,Vidéki,Litri,1.677
2006-01-01,Total,Munkanélküliek,Vidéki,Litri,1.617
2007-01-01,Total,Munkanélküliek,Vidéki,Litri,1.514
2008-01-01,Total,Munkanélküliek,Vidéki,Litri,1.894
2009-01-01,Total,Munkanélküliek,Vidéki,Litri,1.94
2010-01-01,Total,Munkanélküliek,Vidéki,Litri,2.067
2011-01-01,Total,Munkanélküliek,Vidéki,Litri,2.104
2012-01-01,Total,Munkanélküliek,Vidéki,Litri,1.8
2013-01-01,Total,Munkanélküliek,Vidéki,Litri,1.681
2014-01-01,Total,Munkanélküliek,Vidéki,Litri,1.619
2015-01-01,Total,Munkanélküliek,Vidéki,Litri,2.207
2016-01-01,Total,Munkanélküliek,Vidéki,Litri,1.832
2017-01-01,Total,Munkanélküliek,Vidéki,Litri,1.988
2018-01-01,Total,Munkanélküliek,Vidéki,Litri,2.03
2019-01-01,Total,Munkanélküliek,Vidéki,Litri,2.251
2020-01-01,Total,Munkanélküliek,Vidéki,Litri,2.284
2021-01-01,Total,Munkanélküliek,Vidéki,Litri,2.16
2022-01-01,Total,Munkanélküliek,Vidéki,Litri,2.226
2001-01-01,Total,Nyugdíjasok,Total,Litri,2.457
2002-01-01,Total,Nyugdíjasok,Total,Litri,2.425
2003-01-01,Total,Nyugdíjasok,Total,Litri,2.457
2004-01-01,Total,Nyugdíjasok,Total,Litri,2.3
2005-01-01,Total,Nyugdíjasok,Total,Litri,2.152
2006-01-01,Total,Nyugdíjasok,Total,Litri,2.018
2007-01-01,Total,Nyugdíjasok,Total,Litri,2.227
2008-01-01,Total,Nyugdíjasok,Total,Litri,2.484
2009-01-01,Total,Nyugdíjasok,Total,Litri,2.516
2010-01-01,Total,Nyugdíjasok,Total,Litri,2.459
2011-01-01,Total,Nyugdíjasok,Total,Litri,2.244
2012-01-01,Total,Nyugdíjasok,Total,Litri,2.279
2013-01-01,Total,Nyugdíjasok,Total,Litri,2.395
2014-01-01,Total,Nyugdíjasok,Total,Litri,2.358
2015-01-01,Total,Nyugdíjasok,Total,Litri,2.42
2016-01-01,Total,Nyugdíjasok,Total,Litri,2.526
2017-01-01,Total,Nyugdíjasok,Total,Litri,2.656
2018-01-01,Total,Nyugdíjasok,Total,Litri,2.634
2019-01-01,Total,Nyugdíjasok,Total,Litri,2.581
2020-01-01,Total,Nyugdíjasok,Total,Litri,2.622
2021-01-01,Total,Nyugdíjasok,Total,Litri,2.616
2022-01-01,Total,Nyugdíjasok,Total,Litri,2.604
2001-01-01,Total,Nyugdíjasok,Városi,Litri,1.508
2002-01-01,Total,Nyugdíjasok,Városi,Litri,1.412
2003-01-01,Total,Nyugdíjasok,Városi,Litri,1.488
2004-01-01,Total,Nyugdíjasok,Városi,Litri,1.545
2005-01-01,Total,Nyugdíjasok,Városi,Litri,1.479
2006-01-01,Total,Nyugdíjasok,Városi,Litri,1.526
2007-01-01,Total,Nyugdíjasok,Városi,Litri,1.685
2008-01-01,Total,Nyugdíjasok,Városi,Litri,1.899
2009-01-01,Total,Nyugdíjasok,Városi,Litri,1.909
2010-01-01,Total,Nyugdíjasok,Városi,Litri,1.84
2011-01-01,Total,Nyugdíjasok,Városi,Litri,1.713
2012-01-01,Total,Nyugdíjasok,Városi,Litri,1.722
2013-01-01,Total,Nyugdíjasok,Városi,Litri,1.917
2014-01-01,Total,Nyugdíjasok,Városi,Litri,1.833
2015-01-01,Total,Nyugdíjasok,Városi,Litri,1.941
2016-01-01,Total,Nyugdíjasok,Városi,Litri,2.084
2017-01-01,Total,Nyugdíjasok,Városi,Litri,2.199
2018-01-01,Total,Nyugdíjasok,Városi,Litri,2.142
2019-01-01,Total,Nyugdíjasok,Városi,Litri,2.075
2020-01-01,Total,Nyugdíjasok,Városi,Litri,2.099
2021-01-01,Total,Nyugdíjasok,Városi,Litri,2.123
2022-01-01,Total,Nyugdíjasok,Városi,Litri,2.147
2001-01-01,Total,Nyugdíjasok,Vidéki,Litri,3.255
2002-01-01,Total,Nyugdíjasok,Vidéki,Litri,3.258
2003-01-01,Total,Nyugdíjasok,Vidéki,Litri,3.231
2004-01-01,Total,Nyugdíjasok,Vidéki,Litri,2.928
2005-01-01,Total,Nyugdíjasok,Vidéki,Litri,2.749
2006-01-01,Total,Nyugdíjasok,Vidéki,Litri,2.468
2007-01-01,Total,Nyugdíjasok,Vidéki,Litri,2.717
2008-01-01,Total,Nyugdíjasok,Vidéki,Litri,3.038
2009-01-01,Total,Nyugdíjasok,Vidéki,Litri,3.087
2010-01-01,Total,Nyugdíjasok,Vidéki,Litri,3.019
2011-01-01,Total,Nyugdíjasok,Vidéki,Litri,2.755
2012-01-01,Total,Nyugdíjasok,Vidéki,Litri,2.828
2013-01-01,Total,Nyugdíjasok,Vidéki,Litri,2.864
2014-01-01,Total,Nyugdíjasok,Vidéki,Litri,2.866
2015-01-01,Total,Nyugdíjasok,Vidéki,Litri,2.892
2016-01-01,Total,Nyugdíjasok,Vidéki,Litri,2.954
2017-01-01,Total,Nyugdíjasok,Vidéki,Litri,3.147
2018-01-01,Total,Nyugdíjasok,Vidéki,Litri,3.155
2019-01-01,Total,Nyugdíjasok,Vidéki,Litri,3.082
2020-01-01,Total,Nyugdíjasok,Vidéki,Litri,3.165
2021-01-01,Total,Nyugdíjasok,Vidéki,Litri,3.131
2022-01-01,Total,Nyugdíjasok,Vidéki,Litri,3.09
2001-01-01,Bor,Total,Total,Litri,1.275
2002-01-01,Bor,Total,Total,Litri,1.28
2003-01-01,Bor,Total,Total,Litri,1.28
2004-01-01,Bor,Total,Total,Litri,1.097
2005-01-01,Bor,Total,Total,Litri,0.984
2006-01-01,Bor,Total,Total,Litri,0.824
2007-01-01,Bor,Total,Total,Litri,0.905
2008-01-01,Bor,Total,Total,Litri,0.933
2009-01-01,Bor,Total,Total,Litri,0.969
2010-01-01,Bor,Total,Total,Litri,0.942
2011-01-01,Bor,Total,Total,Litri,0.864
2012-01-01,Bor,Total,Total,Litri,0.874
2013-01-01,Bor,Total,Total,Litri,0.876
2014-01-01,Bor,Total,Total,Litri,0.886
2015-01-01,Bor,Total,Total,Litri,0.874
2016-01-01,Bor,Total,Total,Litri,0.893
2017-01-01,Bor,Total,Total,Litri,0.892
2018-01-01,Bor,Total,Total,Litri,0.887
2019-01-01,Bor,Total,Total,Litri,0.885
2020-01-01,Bor,Total,Total,Litri,0.837
2021-01-01,Bor,Total,Total,Litri,0.84
2022-01-01,Bor,Total,Total,Litri,0.902
2001-01-01,Bor,Total,Városi,Litri,0.741
2002-01-01,Bor,Total,Városi,Litri,0.724
2003-01-01,Bor,Total,Városi,Litri,0.702
2004-01-01,Bor,Total,Városi,Litri,0.699
2005-01-01,Bor,Total,Városi,Litri,0.627
2006-01-01,Bor,Total,Városi,Litri,0.545
2007-01-01,Bor,Total,Városi,Litri,0.611
2008-01-01,Bor,Total,Városi,Litri,0.617
2009-01-01,Bor,Total,Városi,Litri,0.624
2010-01-01,Bor,Total,Városi,Litri,0.603
2011-01-01,Bor,Total,Városi,Litri,0.58
2012-01-01,Bor,Total,Városi,Litri,0.575
2013-01-01,Bor,Total,Városi,Litri,0.58
2014-01-01,Bor,Total,Városi,Litri,0.602
2015-01-01,Bor,Total,Városi,Litri,0.607
2016-01-01,Bor,Total,Városi,Litri,0.636
2017-01-01,Bor,Total,Városi,Litri,0.648
2018-01-01,Bor,Total,Városi,Litri,0.637
2019-01-01,Bor,Total,Városi,Litri,0.693
2020-01-01,Bor,Total,Városi,Litri,0.607
2021-01-01,Bor,Total,Városi,Litri,0.638
2022-01-01,Bor,Total,Városi,Litri,0.662
2001-01-01,Bor,Total,Vidéki,Litri,1.889
2002-01-01,Bor,Total,Vidéki,Litri,1.923
2003-01-01,Bor,Total,Vidéki,Litri,1.916
2004-01-01,Bor,Total,Vidéki,Litri,1.554
2005-01-01,Bor,Total,Vidéki,Litri,1.406
2006-01-01,Bor,Total,Vidéki,Litri,1.162
2007-01-01,Bor,Total,Vidéki,Litri,1.262
2008-01-01,Bor,Total,Vidéki,Litri,1.318
2009-01-01,Bor,Total,Vidéki,Litri,1.388
2010-01-01,Bor,Total,Vidéki,Litri,1.354
2011-01-01,Bor,Total,Vidéki,Litri,1.21
2012-01-01,Bor,Total,Vidéki,Litri,1.235
2013-01-01,Bor,Total,Vidéki,Litri,1.235
2014-01-01,Bor,Total,Vidéki,Litri,1.22
2015-01-01,Bor,Total,Vidéki,Litri,1.186
2016-01-01,Bor,Total,Vidéki,Litri,1.194
2017-01-01,Bor,Total,Vidéki,Litri,1.177
2018-01-01,Bor,Total,Vidéki,Litri,1.181
2019-01-01,Bor,Total,Vidéki,Litri,1.112
2020-01-01,Bor,Total,Vidéki,Litri,1.108
2021-01-01,Bor,Total,Vidéki,Litri,1.077
2022-01-01,Bor,Total,Vidéki,Litri,1.186
2001-01-01,Bor,Alkalmazottak,Total,Litri,0.89
2002-01-01,Bor,Alkalmazottak,Total,Litri,0.871
2003-01-01,Bor,Alkalmazottak,Total,Litri,0.887
2004-01-01,Bor,Alkalmazottak,Total,Litri,0.842
2005-01-01,Bor,Alkalmazottak,Total,Litri,0.729
2006-01-01,Bor,Alkalmazottak,Total,Litri,0.626
2007-01-01,Bor,Alkalmazottak,Total,Litri,0.708
2008-01-01,Bor,Alkalmazottak,Total,Litri,0.691
2009-01-01,Bor,Alkalmazottak,Total,Litri,0.704
2010-01-01,Bor,Alkalmazottak,Total,Litri,0.71
2011-01-01,Bor,Alkalmazottak,Total,Litri,0.654
2012-01-01,Bor,Alkalmazottak,Total,Litri,0.673
2013-01-01,Bor,Alkalmazottak,Total,Litri,0.657
2014-01-01,Bor,Alkalmazottak,Total,Litri,0.662
2015-01-01,Bor,Alkalmazottak,Total,Litri,0.733
2016-01-01,Bor,Alkalmazottak,Total,Litri,0.75
2017-01-01,Bor,Alkalmazottak,Total,Litri,0.75
2018-01-01,Bor,Alkalmazottak,Total,Litri,0.769
2019-01-01,Bor,Alkalmazottak,Total,Litri,0.796
2020-01-01,Bor,Alkalmazottak,Total,Litri,0.718
2021-01-01,Bor,Alkalmazottak,Total,Litri,0.766
2022-01-01,Bor,Alkalmazottak,Total,Litri,0.848
2001-01-01,Bor,Alkalmazottak,Városi,Litri,0.698
2002-01-01,Bor,Alkalmazottak,Városi,Litri,0.694
2003-01-01,Bor,Alkalmazottak,Városi,Litri,0.696
2004-01-01,Bor,Alkalmazottak,Városi,Litri,0.68
2005-01-01,Bor,Alkalmazottak,Városi,Litri,0.605
2006-01-01,Bor,Alkalmazottak,Városi,Litri,0.523
2007-01-01,Bor,Alkalmazottak,Városi,Litri,0.611
2008-01-01,Bor,Alkalmazottak,Városi,Litri,0.565
2009-01-01,Bor,Alkalmazottak,Városi,Litri,0.599
2010-01-01,Bor,Alkalmazottak,Városi,Litri,0.576
2011-01-01,Bor,Alkalmazottak,Városi,Litri,0.553
2012-01-01,Bor,Alkalmazottak,Városi,Litri,0.566
2013-01-01,Bor,Alkalmazottak,Városi,Litri,0.54
2014-01-01,Bor,Alkalmazottak,Városi,Litri,0.57
2015-01-01,Bor,Alkalmazottak,Városi,Litri,0.628
2016-01-01,Bor,Alkalmazottak,Városi,Litri,0.637
2017-01-01,Bor,Alkalmazottak,Városi,Litri,0.656
2018-01-01,Bor,Alkalmazottak,Városi,Litri,0.652
2019-01-01,Bor,Alkalmazottak,Városi,Litri,0.717
2020-01-01,Bor,Alkalmazottak,Városi,Litri,0.608
2021-01-01,Bor,Alkalmazottak,Városi,Litri,0.662
2022-01-01,Bor,Alkalmazottak,Városi,Litri,0.692
2001-01-01,Bor,Alkalmazottak,Vidéki,Litri,1.502
2002-01-01,Bor,Alkalmazottak,Vidéki,Litri,1.455
2003-01-01,Bor,Alkalmazottak,Vidéki,Litri,1.469
2004-01-01,Bor,Alkalmazottak,Vidéki,Litri,1.289
2005-01-01,Bor,Alkalmazottak,Vidéki,Litri,1.107
2006-01-01,Bor,Alkalmazottak,Vidéki,Litri,0.926
2007-01-01,Bor,Alkalmazottak,Vidéki,Litri,0.981
2008-01-01,Bor,Alkalmazottak,Vidéki,Litri,1.027
2009-01-01,Bor,Alkalmazottak,Vidéki,Litri,0.98
2010-01-01,Bor,Alkalmazottak,Vidéki,Litri,1.072
2011-01-01,Bor,Alkalmazottak,Vidéki,Litri,0.936
2012-01-01,Bor,Alkalmazottak,Vidéki,Litri,0.95
2013-01-01,Bor,Alkalmazottak,Vidéki,Litri,0.972
2014-01-01,Bor,Alkalmazottak,Vidéki,Litri,0.896
2015-01-01,Bor,Alkalmazottak,Vidéki,Litri,0.957
2016-01-01,Bor,Alkalmazottak,Vidéki,Litri,0.99
2017-01-01,Bor,Alkalmazottak,Vidéki,Litri,0.929
2018-01-01,Bor,Alkalmazottak,Vidéki,Litri,0.994
2019-01-01,Bor,Alkalmazottak,Vidéki,Litri,0.952
2020-01-01,Bor,Alkalmazottak,Vidéki,Litri,0.917
2021-01-01,Bor,Alkalmazottak,Vidéki,Litri,0.953
2022-01-01,Bor,Alkalmazottak,Vidéki,Litri,1.122
2001-01-01,Bor,Munkanélküliek,Total,Litri,0.93
2002-01-01,Bor,Munkanélküliek,Total,Litri,0.825
2003-01-01,Bor,Munkanélküliek,Total,Litri,0.906
2004-01-01,Bor,Munkanélküliek,Total,Litri,0.714
2005-01-01,Bor,Munkanélküliek,Total,Litri,0.66
2006-01-01,Bor,Munkanélküliek,Total,Litri,0.529
2007-01-01,Bor,Munkanélküliek,Total,Litri,0.536
2008-01-01,Bor,Munkanélküliek,Total,Litri,0.61
2009-01-01,Bor,Munkanélküliek,Total,Litri,0.585
2010-01-01,Bor,Munkanélküliek,Total,Litri,0.63
2011-01-01,Bor,Munkanélküliek,Total,Litri,0.608
2012-01-01,Bor,Munkanélküliek,Total,Litri,0.569
2013-01-01,Bor,Munkanélküliek,Total,Litri,0.576
2014-01-01,Bor,Munkanélküliek,Total,Litri,0.584
2015-01-01,Bor,Munkanélküliek,Total,Litri,0.67
2016-01-01,Bor,Munkanélküliek,Total,Litri,0.642
2017-01-01,Bor,Munkanélküliek,Total,Litri,0.521
2018-01-01,Bor,Munkanélküliek,Total,Litri,0.608
2019-01-01,Bor,Munkanélküliek,Total,Litri,0.619
2020-01-01,Bor,Munkanélküliek,Total,Litri,0.632
2021-01-01,Bor,Munkanélküliek,Total,Litri,0.614
2022-01-01,Bor,Munkanélküliek,Total,Litri,0.486
2001-01-01,Bor,Munkanélküliek,Városi,Litri,0.621
2002-01-01,Bor,Munkanélküliek,Városi,Litri,0.674
2003-01-01,Bor,Munkanélküliek,Városi,Litri,0.587
2004-01-01,Bor,Munkanélküliek,Városi,Litri,0.603
2005-01-01,Bor,Munkanélküliek,Városi,Litri,0.566
2006-01-01,Bor,Munkanélküliek,Városi,Litri,0.441
2007-01-01,Bor,Munkanélküliek,Városi,Litri,0.53
2008-01-01,Bor,Munkanélküliek,Városi,Litri,0.609
2009-01-01,Bor,Munkanélküliek,Városi,Litri,0.463
2010-01-01,Bor,Munkanélküliek,Városi,Litri,0.538
2011-01-01,Bor,Munkanélküliek,Városi,Litri,0.466
2012-01-01,Bor,Munkanélküliek,Városi,Litri,0.469
2013-01-01,Bor,Munkanélküliek,Városi,Litri,0.525
2014-01-01,Bor,Munkanélküliek,Városi,Litri,0.533
2015-01-01,Bor,Munkanélküliek,Városi,Litri,0.551
2016-01-01,Bor,Munkanélküliek,Városi,Litri,0.492
2017-01-01,Bor,Munkanélküliek,Városi,Litri,0.447
2018-01-01,Bor,Munkanélküliek,Városi,Litri,0.389
2019-01-01,Bor,Munkanélküliek,Városi,Litri,0.514
2020-01-01,Bor,Munkanélküliek,Városi,Litri,0.456
2021-01-01,Bor,Munkanélküliek,Városi,Litri,0.43
2022-01-01,Bor,Munkanélküliek,Városi,Litri,0.311
2001-01-01,Bor,Munkanélküliek,Vidéki,Litri,1.458
2002-01-01,Bor,Munkanélküliek,Vidéki,Litri,1.089
2003-01-01,Bor,Munkanélküliek,Vidéki,Litri,1.511
2004-01-01,Bor,Munkanélküliek,Vidéki,Litri,0.898
2005-01-01,Bor,Munkanélküliek,Vidéki,Litri,0.815
2006-01-01,Bor,Munkanélküliek,Vidéki,Litri,0.653
2007-01-01,Bor,Munkanélküliek,Vidéki,Litri,0.547
2008-01-01,Bor,Munkanélküliek,Vidéki,Litri,0.61
2009-01-01,Bor,Munkanélküliek,Vidéki,Litri,0.842
2010-01-01,Bor,Munkanélküliek,Vidéki,Litri,0.81
2011-01-01,Bor,Munkanélküliek,Vidéki,Litri,0.887
2012-01-01,Bor,Munkanélküliek,Vidéki,Litri,0.746
2013-01-01,Bor,Munkanélküliek,Vidéki,Litri,0.675
2014-01-01,Bor,Munkanélküliek,Vidéki,Litri,0.679
2015-01-01,Bor,Munkanélküliek,Vidéki,Litri,0.831
2016-01-01,Bor,Munkanélküliek,Vidéki,Litri,0.839
2017-01-01,Bor,Munkanélküliek,Vidéki,Litri,0.608
2018-01-01,Bor,Munkanélküliek,Vidéki,Litri,0.802
2019-01-01,Bor,Munkanélküliek,Vidéki,Litri,0.731
2020-01-01,Bor,Munkanélküliek,Vidéki,Litri,0.874
2021-01-01,Bor,Munkanélküliek,Vidéki,Litri,0.78
2022-01-01,Bor,Munkanélküliek,Vidéki,Litri,0.675
2001-01-01,Bor,Nyugdíjasok,Total,Litri,1.594
2002-01-01,Bor,Nyugdíjasok,Total,Litri,1.601
2003-01-01,Bor,Nyugdíjasok,Total,Litri,1.547
2004-01-01,Bor,Nyugdíjasok,Total,Litri,1.345
2005-01-01,Bor,Nyugdíjasok,Total,Litri,1.165
2006-01-01,Bor,Nyugdíjasok,Total,Litri,0.969
2007-01-01,Bor,Nyugdíjasok,Total,Litri,1.004
2008-01-01,Bor,Nyugdíjasok,Total,Litri,1.058
2009-01-01,Bor,Nyugdíjasok,Total,Litri,1.133
2010-01-01,Bor,Nyugdíjasok,Total,Litri,1.106
2011-01-01,Bor,Nyugdíjasok,Total,Litri,0.972
2012-01-01,Bor,Nyugdíjasok,Total,Litri,0.98
2013-01-01,Bor,Nyugdíjasok,Total,Litri,1.051
2014-01-01,Bor,Nyugdíjasok,Total,Litri,1.033
2015-01-01,Bor,Nyugdíjasok,Total,Litri,0.953
2016-01-01,Bor,Nyugdíjasok,Total,Litri,0.988
2017-01-01,Bor,Nyugdíjasok,Total,Litri,0.994
2018-01-01,Bor,Nyugdíjasok,Total,Litri,0.973
2019-01-01,Bor,Nyugdíjasok,Total,Litri,0.936
2020-01-01,Bor,Nyugdíjasok,Total,Litri,0.913
2021-01-01,Bor,Nyugdíjasok,Total,Litri,0.853
2022-01-01,Bor,Nyugdíjasok,Total,Litri,0.925
2001-01-01,Bor,Nyugdíjasok,Városi,Litri,0.834
2002-01-01,Bor,Nyugdíjasok,Városi,Litri,0.778
2003-01-01,Bor,Nyugdíjasok,Városi,Litri,0.743
2004-01-01,Bor,Nyugdíjasok,Városi,Litri,0.743
2005-01-01,Bor,Nyugdíjasok,Városi,Litri,0.656
2006-01-01,Bor,Nyugdíjasok,Városi,Litri,0.587
2007-01-01,Bor,Nyugdíjasok,Városi,Litri,0.595
2008-01-01,Bor,Nyugdíjasok,Városi,Litri,0.651
2009-01-01,Bor,Nyugdíjasok,Városi,Litri,0.671
2010-01-01,Bor,Nyugdíjasok,Városi,Litri,0.638
2011-01-01,Bor,Nyugdíjasok,Városi,Litri,0.62
2012-01-01,Bor,Nyugdíjasok,Városi,Litri,0.594
2013-01-01,Bor,Nyugdíjasok,Városi,Litri,0.661
2014-01-01,Bor,Nyugdíjasok,Városi,Litri,0.632
2015-01-01,Bor,Nyugdíjasok,Városi,Litri,0.585
2016-01-01,Bor,Nyugdíjasok,Városi,Litri,0.654
2017-01-01,Bor,Nyugdíjasok,Városi,Litri,0.655
2018-01-01,Bor,Nyugdíjasok,Városi,Litri,0.643
2019-01-01,Bor,Nyugdíjasok,Városi,Litri,0.646
2020-01-01,Bor,Nyugdíjasok,Városi,Litri,0.584
2021-01-01,Bor,Nyugdíjasok,Városi,Litri,0.581
2022-01-01,Bor,Nyugdíjasok,Városi,Litri,0.632
2001-01-01,Bor,Nyugdíjasok,Vidéki,Litri,2.232
2002-01-01,Bor,Nyugdíjasok,Vidéki,Litri,2.278
2003-01-01,Bor,Nyugdíjasok,Vidéki,Litri,2.19
2004-01-01,Bor,Nyugdíjasok,Vidéki,Litri,1.845
2005-01-01,Bor,Nyugdíjasok,Vidéki,Litri,1.616
2006-01-01,Bor,Nyugdíjasok,Vidéki,Litri,1.317
2007-01-01,Bor,Nyugdíjasok,Vidéki,Litri,1.375
2008-01-01,Bor,Nyugdíjasok,Vidéki,Litri,1.443
2009-01-01,Bor,Nyugdíjasok,Vidéki,Litri,1.569
2010-01-01,Bor,Nyugdíjasok,Vidéki,Litri,1.53
2011-01-01,Bor,Nyugdíjasok,Vidéki,Litri,1.31
2012-01-01,Bor,Nyugdíjasok,Vidéki,Litri,1.361
2013-01-01,Bor,Nyugdíjasok,Vidéki,Litri,1.434
2014-01-01,Bor,Nyugdíjasok,Vidéki,Litri,1.421
2015-01-01,Bor,Nyugdíjasok,Vidéki,Litri,1.314
2016-01-01,Bor,Nyugdíjasok,Vidéki,Litri,1.31
2017-01-01,Bor,Nyugdíjasok,Vidéki,Litri,1.358
2018-01-01,Bor,Nyugdíjasok,Vidéki,Litri,1.322
2019-01-01,Bor,Nyugdíjasok,Vidéki,Litri,1.222
2020-01-01,Bor,Nyugdíjasok,Vidéki,Litri,1.255
2021-01-01,Bor,Nyugdíjasok,Vidéki,Litri,1.137
2022-01-01,Bor,Nyugdíjasok,Vidéki,Litri,1.238
2001-01-01,Sör,Total,Total,Litri,0.554
2002-01-01,Sör,Total,Total,Litri,0.549
2003-01-01,Sör,Total,Total,Litri,0.634
2004-01-01,Sör,Total,Total,Litri,0.701
2005-01-01,Sör,Total,Total,Litri,0.797
2006-01-01,Sör,Total,Total,Litri,0.919
2007-01-01,Sör,Total,Total,Litri,1.081
2008-01-01,Sör,Total,Total,Litri,1.201
2009-01-01,Sör,Total,Total,Litri,1.165
2010-01-01,Sör,Total,Total,Litri,1.112
2011-01-01,Sör,Total,Total,Litri,1.077
2012-01-01,Sör,Total,Total,Litri,1.125
2013-01-01,Sör,Total,Total,Litri,1.205
2014-01-01,Sör,Total,Total,Litri,1.14
2015-01-01,Sör,Total,Total,Litri,1.292
2016-01-01,Sör,Total,Total,Litri,1.382
2017-01-01,Sör,Total,Total,Litri,1.504
2018-01-01,Sör,Total,Total,Litri,1.54
2019-01-01,Sör,Total,Total,Litri,1.544
2020-01-01,Sör,Total,Total,Litri,1.564
2021-01-01,Sör,Total,Total,Litri,1.673
2022-01-01,Sör,Total,Total,Litri,1.609
2001-01-01,Sör,Total,Városi,Litri,0.625
2002-01-01,Sör,Total,Városi,Litri,0.611
2003-01-01,Sör,Total,Városi,Litri,0.743
2004-01-01,Sör,Total,Városi,Litri,0.798
2005-01-01,Sör,Total,Városi,Litri,0.878
2006-01-01,Sör,Total,Városi,Litri,1.016
2007-01-01,Sör,Total,Városi,Litri,1.178
2008-01-01,Sör,Total,Városi,Litri,1.274
2009-01-01,Sör,Total,Városi,Litri,1.227
2010-01-01,Sör,Total,Városi,Litri,1.165
2011-01-01,Sör,Total,Városi,Litri,1.085
2012-01-01,Sör,Total,Városi,Litri,1.175
2013-01-01,Sör,Total,Városi,Litri,1.3
2014-01-01,Sör,Total,Városi,Litri,1.203
2015-01-01,Sör,Total,Városi,Litri,1.325
2016-01-01,Sör,Total,Városi,Litri,1.411
2017-01-01,Sör,Total,Városi,Litri,1.534
2018-01-01,Sör,Total,Városi,Litri,1.494
2019-01-01,Sör,Total,Városi,Litri,1.513
2020-01-01,Sör,Total,Városi,Litri,1.501
2021-01-01,Sör,Total,Városi,Litri,1.607
2022-01-01,Sör,Total,Városi,Litri,1.548
2001-01-01,Sör,Total,Vidéki,Litri,0.473
2002-01-01,Sör,Total,Vidéki,Litri,0.477
2003-01-01,Sör,Total,Vidéki,Litri,0.514
2004-01-01,Sör,Total,Vidéki,Litri,0.588
2005-01-01,Sör,Total,Vidéki,Litri,0.701
2006-01-01,Sör,Total,Vidéki,Litri,0.802
2007-01-01,Sör,Total,Vidéki,Litri,0.965
2008-01-01,Sör,Total,Vidéki,Litri,1.111
2009-01-01,Sör,Total,Vidéki,Litri,1.089
2010-01-01,Sör,Total,Vidéki,Litri,1.048
2011-01-01,Sör,Total,Vidéki,Litri,1.068
2012-01-01,Sör,Total,Vidéki,Litri,1.064
2013-01-01,Sör,Total,Vidéki,Litri,1.09
2014-01-01,Sör,Total,Vidéki,Litri,1.066
2015-01-01,Sör,Total,Vidéki,Litri,1.254
2016-01-01,Sör,Total,Vidéki,Litri,1.35
2017-01-01,Sör,Total,Vidéki,Litri,1.469
2018-01-01,Sör,Total,Vidéki,Litri,1.595
2019-01-01,Sör,Total,Vidéki,Litri,1.582
2020-01-01,Sör,Total,Vidéki,Litri,1.64
2021-01-01,Sör,Total,Vidéki,Litri,1.749
2022-01-01,Sör,Total,Vidéki,Litri,1.68
2001-01-01,Sör,Alkalmazottak,Total,Litri,0.729
2002-01-01,Sör,Alkalmazottak,Total,Litri,0.708
2003-01-01,Sör,Alkalmazottak,Total,Litri,0.852
2004-01-01,Sör,Alkalmazottak,Total,Litri,0.895
2005-01-01,Sör,Alkalmazottak,Total,Litri,1.006
2006-01-01,Sör,Alkalmazottak,Total,Litri,1.179
2007-01-01,Sör,Alkalmazottak,Total,Litri,1.313
2008-01-01,Sör,Alkalmazottak,Total,Litri,1.384
2009-01-01,Sör,Alkalmazottak,Total,Litri,1.342
2010-01-01,Sör,Alkalmazottak,Total,Litri,1.259
2011-01-01,Sör,Alkalmazottak,Total,Litri,1.216
2012-01-01,Sör,Alkalmazottak,Total,Litri,1.282
2013-01-01,Sör,Alkalmazottak,Total,Litri,1.4
2014-01-01,Sör,Alkalmazottak,Total,Litri,1.304
2015-01-01,Sör,Alkalmazottak,Total,Litri,1.437
2016-01-01,Sör,Alkalmazottak,Total,Litri,1.504
2017-01-01,Sör,Alkalmazottak,Total,Litri,1.637
2018-01-01,Sör,Alkalmazottak,Total,Litri,1.683
2019-01-01,Sör,Alkalmazottak,Total,Litri,1.692
2020-01-01,Sör,Alkalmazottak,Total,Litri,1.693
2021-01-01,Sör,Alkalmazottak,Total,Litri,1.796
2022-01-01,Sör,Alkalmazottak,Total,Litri,1.753
2001-01-01,Sör,Alkalmazottak,Városi,Litri,0.757
2002-01-01,Sör,Alkalmazottak,Városi,Litri,0.724
2003-01-01,Sör,Alkalmazottak,Városi,Litri,0.899
2004-01-01,Sör,Alkalmazottak,Városi,Litri,0.942
2005-01-01,Sör,Alkalmazottak,Városi,Litri,1.033
2006-01-01,Sör,Alkalmazottak,Városi,Litri,1.204
2007-01-01,Sör,Alkalmazottak,Városi,Litri,1.349
2008-01-01,Sör,Alkalmazottak,Városi,Litri,1.431
2009-01-01,Sör,Alkalmazottak,Városi,Litri,1.366
2010-01-01,Sör,Alkalmazottak,Városi,Litri,1.303
2011-01-01,Sör,Alkalmazottak,Városi,Litri,1.224
2012-01-01,Sör,Alkalmazottak,Városi,Litri,1.338
2013-01-01,Sör,Alkalmazottak,Városi,Litri,1.478
2014-01-01,Sör,Alkalmazottak,Városi,Litri,1.368
2015-01-01,Sör,Alkalmazottak,Városi,Litri,1.445
2016-01-01,Sör,Alkalmazottak,Városi,Litri,1.518
2017-01-01,Sör,Alkalmazottak,Városi,Litri,1.644
2018-01-01,Sör,Alkalmazottak,Városi,Litri,1.622
2019-01-01,Sör,Alkalmazottak,Városi,Litri,1.67
2020-01-01,Sör,Alkalmazottak,Városi,Litri,1.609
2021-01-01,Sör,Alkalmazottak,Városi,Litri,1.758
2022-01-01,Sör,Alkalmazottak,Városi,Litri,1.678
2001-01-01,Sör,Alkalmazottak,Vidéki,Litri,0.64
2002-01-01,Sör,Alkalmazottak,Vidéki,Litri,0.657
2003-01-01,Sör,Alkalmazottak,Vidéki,Litri,0.71
2004-01-01,Sör,Alkalmazottak,Vidéki,Litri,0.765
2005-01-01,Sör,Alkalmazottak,Vidéki,Litri,0.922
2006-01-01,Sör,Alkalmazottak,Vidéki,Litri,1.105
2007-01-01,Sör,Alkalmazottak,Vidéki,Litri,1.211
2008-01-01,Sör,Alkalmazottak,Vidéki,Litri,1.258
2009-01-01,Sör,Alkalmazottak,Vidéki,Litri,1.278
2010-01-01,Sör,Alkalmazottak,Vidéki,Litri,1.143
2011-01-01,Sör,Alkalmazottak,Vidéki,Litri,1.192
2012-01-01,Sör,Alkalmazottak,Vidéki,Litri,1.134
2013-01-01,Sör,Alkalmazottak,Vidéki,Litri,1.19
2014-01-01,Sör,Alkalmazottak,Vidéki,Litri,1.14
2015-01-01,Sör,Alkalmazottak,Vidéki,Litri,1.418
2016-01-01,Sör,Alkalmazottak,Vidéki,Litri,1.474
2017-01-01,Sör,Alkalmazottak,Vidéki,Litri,1.625
2018-01-01,Sör,Alkalmazottak,Vidéki,Litri,1.8
2019-01-01,Sör,Alkalmazottak,Vidéki,Litri,1.735
2020-01-01,Sör,Alkalmazottak,Vidéki,Litri,1.845
2021-01-01,Sör,Alkalmazottak,Vidéki,Litri,1.865
2022-01-01,Sör,Alkalmazottak,Vidéki,Litri,1.885
2001-01-01,Sör,Munkanélküliek,Total,Litri,0.366
2002-01-01,Sör,Munkanélküliek,Total,Litri,0.376
2003-01-01,Sör,Munkanélküliek,Total,Litri,0.464
2004-01-01,Sör,Munkanélküliek,Total,Litri,0.621
2005-01-01,Sör,Munkanélküliek,Total,Litri,0.669
2006-01-01,Sör,Munkanélküliek,Total,Litri,0.73
2007-01-01,Sör,Munkanélküliek,Total,Litri,0.859
2008-01-01,Sör,Munkanélküliek,Total,Litri,0.924
2009-01-01,Sör,Munkanélküliek,Total,Litri,0.914
2010-01-01,Sör,Munkanélküliek,Total,Litri,0.849
2011-01-01,Sör,Munkanélküliek,Total,Litri,0.787
2012-01-01,Sör,Munkanélküliek,Total,Litri,0.852
2013-01-01,Sör,Munkanélküliek,Total,Litri,0.931
2014-01-01,Sör,Munkanélküliek,Total,Litri,0.809
2015-01-01,Sör,Munkanélküliek,Total,Litri,1.139
2016-01-01,Sör,Munkanélküliek,Total,Litri,1.167
2017-01-01,Sör,Munkanélküliek,Total,Litri,1.148
2018-01-01,Sör,Munkanélküliek,Total,Litri,1.167
2019-01-01,Sör,Munkanélküliek,Total,Litri,1.406
2020-01-01,Sör,Munkanélküliek,Total,Litri,1.194
2021-01-01,Sör,Munkanélküliek,Total,Litri,1.258
2022-01-01,Sör,Munkanélküliek,Total,Litri,1.354
2001-01-01,Sör,Munkanélküliek,Városi,Litri,0.38
2002-01-01,Sör,Munkanélküliek,Városi,Litri,0.404
2003-01-01,Sör,Munkanélküliek,Városi,Litri,0.478
2004-01-01,Sör,Munkanélküliek,Városi,Litri,0.657
2005-01-01,Sör,Munkanélküliek,Városi,Litri,0.719
2006-01-01,Sör,Munkanélküliek,Városi,Litri,0.744
2007-01-01,Sör,Munkanélküliek,Városi,Litri,0.93
2008-01-01,Sör,Munkanélküliek,Városi,Litri,0.83
2009-01-01,Sör,Munkanélküliek,Városi,Litri,0.962
2010-01-01,Sör,Munkanélküliek,Városi,Litri,0.806
2011-01-01,Sör,Munkanélküliek,Városi,Litri,0.723
2012-01-01,Sör,Munkanélküliek,Városi,Litri,0.834
2013-01-01,Sör,Munkanélküliek,Városi,Litri,1.033
2014-01-01,Sör,Munkanélküliek,Városi,Litri,0.876
2015-01-01,Sör,Munkanélküliek,Városi,Litri,1.213
2016-01-01,Sör,Munkanélküliek,Városi,Litri,1.409
2017-01-01,Sör,Munkanélküliek,Városi,Litri,1.136
2018-01-01,Sör,Munkanélküliek,Városi,Litri,1.377
2019-01-01,Sör,Munkanélküliek,Városi,Litri,1.561
2020-01-01,Sör,Munkanélküliek,Városi,Litri,1.22
2021-01-01,Sör,Munkanélküliek,Városi,Litri,1.32
2022-01-01,Sör,Munkanélküliek,Városi,Litri,1.341
2001-01-01,Sör,Munkanélküliek,Vidéki,Litri,0.344
2002-01-01,Sör,Munkanélküliek,Vidéki,Litri,0.327
2003-01-01,Sör,Munkanélküliek,Vidéki,Litri,0.436
2004-01-01,Sör,Munkanélküliek,Vidéki,Litri,0.563
2005-01-01,Sör,Munkanélküliek,Vidéki,Litri,0.586
2006-01-01,Sör,Munkanélküliek,Vidéki,Litri,0.71
2007-01-01,Sör,Munkanélküliek,Vidéki,Litri,0.738
2008-01-01,Sör,Munkanélküliek,Vidéki,Litri,1.06
2009-01-01,Sör,Munkanélküliek,Vidéki,Litri,0.813
2010-01-01,Sör,Munkanélküliek,Vidéki,Litri,0.933
2011-01-01,Sör,Munkanélküliek,Vidéki,Litri,0.913
2012-01-01,Sör,Munkanélküliek,Vidéki,Litri,0.884
2013-01-01,Sör,Munkanélküliek,Vidéki,Litri,0.735
2014-01-01,Sör,Munkanélküliek,Vidéki,Litri,0.682
2015-01-01,Sör,Munkanélküliek,Vidéki,Litri,1.039
2016-01-01,Sör,Munkanélküliek,Vidéki,Litri,0.848
2017-01-01,Sör,Munkanélküliek,Vidéki,Litri,1.163
2018-01-01,Sör,Munkanélküliek,Vidéki,Litri,0.981
2019-01-01,Sör,Munkanélküliek,Vidéki,Litri,1.241
2020-01-01,Sör,Munkanélküliek,Vidéki,Litri,1.159
2021-01-01,Sör,Munkanélküliek,Vidéki,Litri,1.201
2022-01-01,Sör,Munkanélküliek,Vidéki,Litri,0.167
2001-01-01,Sör,Nyugdíjasok,Total,Litri,0.462
2002-01-01,Sör,Nyugdíjasok,Total,Litri,0.447
2003-01-01,Sör,Nyugdíjasok,Total,Litri,0.515
2004-01-01,Sör,Nyugdíjasok,Total,Litri,0.569
2005-01-01,Sör,Nyugdíjasok,Total,Litri,0.653
2006-01-01,Sör,Nyugdíjasok,Total,Litri,0.743
2007-01-01,Sör,Nyugdíjasok,Total,Litri,0.913
2008-01-01,Sör,Nyugdíjasok,Total,Litri,1.088
2009-01-01,Sör,Nyugdíjasok,Total,Litri,1.054
2010-01-01,Sör,Nyugdíjasok,Total,Litri,1.042
2011-01-01,Sör,Nyugdíjasok,Total,Litri,0.976
2012-01-01,Sör,Nyugdíjasok,Total,Litri,1.025
2013-01-01,Sör,Nyugdíjasok,Total,Litri,1.066
2014-01-01,Sör,Nyugdíjasok,Total,Litri,1.041
2015-01-01,Sör,Nyugdíjasok,Total,Litri,1.194
2016-01-01,Sör,Nyugdíjasok,Total,Litri,1.272
2017-01-01,Sör,Nyugdíjasok,Total,Litri,1.384
2018-01-01,Sör,Nyugdíjasok,Total,Litri,1.379
2019-01-01,Sör,Nyugdíjasok,Total,Litri,1.354
2020-01-01,Sör,Nyugdíjasok,Total,Litri,1.445
2021-01-01,Sör,Nyugdíjasok,Total,Litri,1.485
2022-01-01,Sör,Nyugdíjasok,Total,Litri,1.403
2001-01-01,Sör,Nyugdíjasok,Városi,Litri,0.463
2002-01-01,Sör,Nyugdíjasok,Városi,Litri,0.444
2003-01-01,Sör,Nyugdíjasok,Városi,Litri,0.556
2004-01-01,Sör,Nyugdíjasok,Városi,Litri,0.603
2005-01-01,Sör,Nyugdíjasok,Városi,Litri,0.648
2006-01-01,Sör,Nyugdíjasok,Városi,Litri,0.769
2007-01-01,Sör,Nyugdíjasok,Városi,Litri,0.93
2008-01-01,Sör,Nyugdíjasok,Városi,Litri,1.07
2009-01-01,Sör,Nyugdíjasok,Városi,Litri,1.066
2010-01-01,Sör,Nyugdíjasok,Városi,Litri,1.029
2011-01-01,Sör,Nyugdíjasok,Városi,Litri,0.927
2012-01-01,Sör,Nyugdíjasok,Városi,Litri,0.982
2013-01-01,Sör,Nyugdíjasok,Városi,Litri,1.096
2014-01-01,Sör,Nyugdíjasok,Városi,Litri,1.039
2015-01-01,Sör,Nyugdíjasok,Városi,Litri,1.204
2016-01-01,Sör,Nyugdíjasok,Városi,Litri,1.253
2017-01-01,Sör,Nyugdíjasok,Városi,Litri,1.361
2018-01-01,Sör,Nyugdíjasok,Városi,Litri,1.322
2019-01-01,Sör,Nyugdíjasok,Városi,Litri,1.245
2020-01-01,Sör,Nyugdíjasok,Városi,Litri,1.348
2021-01-01,Sör,Nyugdíjasok,Városi,Litri,1.367
2022-01-01,Sör,Nyugdíjasok,Városi,Litri,1.347
2001-01-01,Sör,Nyugdíjasok,Vidéki,Litri,0.462
2002-01-01,Sör,Nyugdíjasok,Vidéki,Litri,0.449
2003-01-01,Sör,Nyugdíjasok,Vidéki,Litri,0.482
2004-01-01,Sör,Nyugdíjasok,Vidéki,Litri,0.541
2005-01-01,Sör,Nyugdíjasok,Vidéki,Litri,0.658
2006-01-01,Sör,Nyugdíjasok,Vidéki,Litri,0.719
2007-01-01,Sör,Nyugdíjasok,Vidéki,Litri,0.897
2008-01-01,Sör,Nyugdíjasok,Vidéki,Litri,1.104
2009-01-01,Sör,Nyugdíjasok,Vidéki,Litri,1.042
2010-01-01,Sör,Nyugdíjasok,Vidéki,Litri,1.054
2011-01-01,Sör,Nyugdíjasok,Vidéki,Litri,1.024
2012-01-01,Sör,Nyugdíjasok,Vidéki,Litri,1.068
2013-01-01,Sör,Nyugdíjasok,Vidéki,Litri,1.036
2014-01-01,Sör,Nyugdíjasok,Vidéki,Litri,1.043
2015-01-01,Sör,Nyugdíjasok,Vidéki,Litri,1.184
2016-01-01,Sör,Nyugdíjasok,Vidéki,Litri,1.291
2017-01-01,Sör,Nyugdíjasok,Vidéki,Litri,1.409
2018-01-01,Sör,Nyugdíjasok,Vidéki,Litri,1.438
2019-01-01,Sör,Nyugdíjasok,Vidéki,Litri,1.463
2020-01-01,Sör,Nyugdíjasok,Vidéki,Litri,1.546
2021-01-01,Sör,Nyugdíjasok,Vidéki,Litri,1.608
2022-01-01,Sör,Nyugdíjasok,Vidéki,Litri,1.462
2001-01-01,Pálinka,Total,Total,Litri,0.279
2002-01-01,Pálinka,Total,Total,Litri,0.252
2003-01-01,Pálinka,Total,Total,Litri,0.256
2004-01-01,Pálinka,Total,Total,Litri,0.256
2005-01-01,Pálinka,Total,Total,Litri,0.232
2006-01-01,Pálinka,Total,Total,Litri,0.213
2007-01-01,Pálinka,Total,Total,Litri,0.213
2008-01-01,Pálinka,Total,Total,Litri,0.224
2009-01-01,Pálinka,Total,Total,Litri,0.23
2010-01-01,Pálinka,Total,Total,Litri,0.218
2011-01-01,Pálinka,Total,Total,Litri,0.217
2012-01-01,Pálinka,Total,Total,Litri,0.205
2013-01-01,Pálinka,Total,Total,Litri,0.206
2014-01-01,Pálinka,Total,Total,Litri,0.221
2015-01-01,Pálinka,Total,Total,Litri,0.2
2016-01-01,Pálinka,Total,Total,Litri,0.21
2017-01-01,Pálinka,Total,Total,Litri,0.212
2018-01-01,Pálinka,Total,Total,Litri,0.204
2019-01-01,Pálinka,Total,Total,Litri,0.211
2020-01-01,Pálinka,Total,Total,Litri,0.192
2021-01-01,Pálinka,Total,Total,Litri,0.193
2022-01-01,Pálinka,Total,Total,Litri,0.193
2001-01-01,Pálinka,Total,Városi,Litri,0.153
2002-01-01,Pálinka,Total,Városi,Litri,0.131
2003-01-01,Pálinka,Total,Városi,Litri,0.13
2004-01-01,Pálinka,Total,Városi,Litri,0.144
2005-01-01,Pálinka,Total,Városi,Litri,0.131
2006-01-01,Pálinka,Total,Városi,Litri,0.121
2007-01-01,Pálinka,Total,Városi,Litri,0.115
2008-01-01,Pálinka,Total,Városi,Litri,0.122
2009-01-01,Pálinka,Total,Városi,Litri,0.12
2010-01-01,Pálinka,Total,Városi,Litri,0.12
2011-01-01,Pálinka,Total,Városi,Litri,0.12
2012-01-01,Pálinka,Total,Városi,Litri,0.115
2013-01-01,Pálinka,Total,Városi,Litri,0.117
2014-01-01,Pálinka,Total,Városi,Litri,0.124
2015-01-01,Pálinka,Total,Városi,Litri,0.115
2016-01-01,Pálinka,Total,Városi,Litri,0.131
2017-01-01,Pálinka,Total,Városi,Litri,0.13
2018-01-01,Pálinka,Total,Városi,Litri,0.116
2019-01-01,Pálinka,Total,Városi,Litri,0.126
2020-01-01,Pálinka,Total,Városi,Litri,0.112
2021-01-01,Pálinka,Total,Városi,Litri,0.104
2022-01-01,Pálinka,Total,Városi,Litri,0.11
2001-01-01,Pálinka,Total,Vidéki,Litri,0.424
2002-01-01,Pálinka,Total,Vidéki,Litri,0.391
2003-01-01,Pálinka,Total,Vidéki,Litri,0.394
2004-01-01,Pálinka,Total,Vidéki,Litri,0.384
2005-01-01,Pálinka,Total,Vidéki,Litri,0.353
2006-01-01,Pálinka,Total,Vidéki,Litri,0.323
2007-01-01,Pálinka,Total,Vidéki,Litri,0.334
2008-01-01,Pálinka,Total,Vidéki,Litri,0.348
2009-01-01,Pálinka,Total,Vidéki,Litri,0.363
2010-01-01,Pálinka,Total,Vidéki,Litri,0.338
2011-01-01,Pálinka,Total,Vidéki,Litri,0.336
2012-01-01,Pálinka,Total,Vidéki,Litri,0.314
2013-01-01,Pálinka,Total,Vidéki,Litri,0.314
2014-01-01,Pálinka,Total,Vidéki,Litri,0.334
2015-01-01,Pálinka,Total,Vidéki,Litri,0.3
2016-01-01,Pálinka,Total,Vidéki,Litri,0.303
2017-01-01,Pálinka,Total,Vidéki,Litri,0.307
2018-01-01,Pálinka,Total,Vidéki,Litri,0.308
2019-01-01,Pálinka,Total,Vidéki,Litri,0.312
2020-01-01,Pálinka,Total,Vidéki,Litri,0.286
2021-01-01,Pálinka,Total,Vidéki,Litri,0.298
2022-01-01,Pálinka,Total,Vidéki,Litri,0.291
2001-01-01,Pálinka,Alkalmazottak,Total,Litri,0.205
2002-01-01,Pálinka,Alkalmazottak,Total,Litri,0.168
2003-01-01,Pálinka,Alkalmazottak,Total,Litri,0.169
2004-01-01,Pálinka,Alkalmazottak,Total,Litri,0.18
2005-01-01,Pálinka,Alkalmazottak,Total,Litri,0.167
2006-01-01,Pálinka,Alkalmazottak,Total,Litri,0.148
2007-01-01,Pálinka,Alkalmazottak,Total,Litri,0.154
2008-01-01,Pálinka,Alkalmazottak,Total,Litri,0.152
2009-01-01,Pálinka,Alkalmazottak,Total,Litri,0.161
2010-01-01,Pálinka,Alkalmazottak,Total,Litri,0.156
2011-01-01,Pálinka,Alkalmazottak,Total,Litri,0.153
2012-01-01,Pálinka,Alkalmazottak,Total,Litri,0.151
2013-01-01,Pálinka,Alkalmazottak,Total,Litri,0.151
2014-01-01,Pálinka,Alkalmazottak,Total,Litri,0.161
2015-01-01,Pálinka,Alkalmazottak,Total,Litri,0.15
2016-01-01,Pálinka,Alkalmazottak,Total,Litri,0.169
2017-01-01,Pálinka,Alkalmazottak,Total,Litri,0.17
2018-01-01,Pálinka,Alkalmazottak,Total,Litri,0.155
2019-01-01,Pálinka,Alkalmazottak,Total,Litri,0.16
2020-01-01,Pálinka,Alkalmazottak,Total,Litri,0.152
2021-01-01,Pálinka,Alkalmazottak,Total,Litri,0.152
2022-01-01,Pálinka,Alkalmazottak,Total,Litri,0.153
2001-01-01,Pálinka,Alkalmazottak,Városi,Litri,0.15
2002-01-01,Pálinka,Alkalmazottak,Városi,Litri,0.12
2003-01-01,Pálinka,Alkalmazottak,Városi,Litri,0.12
2004-01-01,Pálinka,Alkalmazottak,Városi,Litri,0.132
2005-01-01,Pálinka,Alkalmazottak,Városi,Litri,0.118
2006-01-01,Pálinka,Alkalmazottak,Városi,Litri,0.105
2007-01-01,Pálinka,Alkalmazottak,Városi,Litri,0.102
2008-01-01,Pálinka,Alkalmazottak,Városi,Litri,0.11
2009-01-01,Pálinka,Alkalmazottak,Városi,Litri,0.111
2010-01-01,Pálinka,Alkalmazottak,Városi,Litri,0.109
2011-01-01,Pálinka,Alkalmazottak,Városi,Litri,0.104
2012-01-01,Pálinka,Alkalmazottak,Városi,Litri,0.111
2013-01-01,Pálinka,Alkalmazottak,Városi,Litri,0.107
2014-01-01,Pálinka,Alkalmazottak,Városi,Litri,0.111
2015-01-01,Pálinka,Alkalmazottak,Városi,Litri,0.103
2016-01-01,Pálinka,Alkalmazottak,Városi,Litri,0.117
2017-01-01,Pálinka,Alkalmazottak,Városi,Litri,0.117
2018-01-01,Pálinka,Alkalmazottak,Városi,Litri,0.102
2019-01-01,Pálinka,Alkalmazottak,Városi,Litri,0.112
2020-01-01,Pálinka,Alkalmazottak,Városi,Litri,0.1
2021-01-01,Pálinka,Alkalmazottak,Városi,Litri,0.09
2022-01-01,Pálinka,Alkalmazottak,Városi,Litri,0.099
2001-01-01,Pálinka,Alkalmazottak,Vidéki,Litri,0.379
2002-01-01,Pálinka,Alkalmazottak,Vidéki,Litri,0.33
2003-01-01,Pálinka,Alkalmazottak,Vidéki,Litri,0.32
2004-01-01,Pálinka,Alkalmazottak,Vidéki,Litri,0.312
2005-01-01,Pálinka,Alkalmazottak,Vidéki,Litri,0.316
2006-01-01,Pálinka,Alkalmazottak,Vidéki,Litri,0.271
2007-01-01,Pálinka,Alkalmazottak,Vidéki,Litri,0.298
2008-01-01,Pálinka,Alkalmazottak,Vidéki,Litri,0.265
2009-01-01,Pálinka,Alkalmazottak,Vidéki,Litri,0.293
2010-01-01,Pálinka,Alkalmazottak,Vidéki,Litri,0.281
2011-01-01,Pálinka,Alkalmazottak,Vidéki,Litri,0.289
2012-01-01,Pálinka,Alkalmazottak,Vidéki,Litri,0.256
2013-01-01,Pálinka,Alkalmazottak,Vidéki,Litri,0.271
2014-01-01,Pálinka,Alkalmazottak,Vidéki,Litri,0.287
2015-01-01,Pálinka,Alkalmazottak,Vidéki,Litri,0.251
2016-01-01,Pálinka,Alkalmazottak,Vidéki,Litri,0.277
2017-01-01,Pálinka,Alkalmazottak,Vidéki,Litri,0.27
2018-01-01,Pálinka,Alkalmazottak,Vidéki,Litri,0.259
2019-01-01,Pálinka,Alkalmazottak,Vidéki,Litri,0.257
2020-01-01,Pálinka,Alkalmazottak,Vidéki,Litri,0.246
2021-01-01,Pálinka,Alkalmazottak,Vidéki,Litri,0.263
2022-01-01,Pálinka,Alkalmazottak,Vidéki,Litri,0.248
2001-01-01,Pálinka,Munkanélküliek,Total,Litri,0.216
2002-01-01,Pálinka,Munkanélküliek,Total,Litri,0.193
2003-01-01,Pálinka,Munkanélküliek,Total,Litri,0.178
2004-01-01,Pálinka,Munkanélküliek,Total,Litri,0.19
2005-01-01,Pálinka,Munkanélküliek,Total,Litri,0.176
2006-01-01,Pálinka,Munkanélküliek,Total,Litri,0.168
2007-01-01,Pálinka,Munkanélküliek,Total,Litri,0.161
2008-01-01,Pálinka,Munkanélküliek,Total,Litri,0.145
2009-01-01,Pálinka,Munkanélküliek,Total,Litri,0.151
2010-01-01,Pálinka,Munkanélküliek,Total,Litri,0.168
2011-01-01,Pálinka,Munkanélküliek,Total,Litri,0.175
2012-01-01,Pálinka,Munkanélküliek,Total,Litri,0.119
2013-01-01,Pálinka,Munkanélküliek,Total,Litri,0.152
2014-01-01,Pálinka,Munkanélküliek,Total,Litri,0.151
2015-01-01,Pálinka,Munkanélküliek,Total,Litri,0.199
2016-01-01,Pálinka,Munkanélküliek,Total,Litri,0.143
2017-01-01,Pálinka,Munkanélküliek,Total,Litri,0.15
2018-01-01,Pálinka,Munkanélküliek,Total,Litri,0.158
2019-01-01,Pálinka,Munkanélküliek,Total,Litri,0.169
2020-01-01,Pálinka,Munkanélküliek,Total,Litri,0.157
2021-01-01,Pálinka,Munkanélküliek,Total,Litri,0.128
2022-01-01,Pálinka,Munkanélküliek,Total,Litri,0.167
2001-01-01,Pálinka,Munkanélküliek,Városi,Litri,0.119
2002-01-01,Pálinka,Munkanélküliek,Városi,Litri,0.13
2003-01-01,Pálinka,Munkanélküliek,Városi,Litri,0.12
2004-01-01,Pálinka,Munkanélküliek,Városi,Litri,0.148
2005-01-01,Pálinka,Munkanélküliek,Városi,Litri,0.133
2006-01-01,Pálinka,Munkanélküliek,Városi,Litri,0.127
2007-01-01,Pálinka,Munkanélküliek,Városi,Litri,0.133
2008-01-01,Pálinka,Munkanélküliek,Városi,Litri,0.11
2009-01-01,Pálinka,Munkanélküliek,Városi,Litri,0.099
2010-01-01,Pálinka,Munkanélküliek,Városi,Litri,0.098
2011-01-01,Pálinka,Munkanélküliek,Városi,Litri,0.118
2012-01-01,Pálinka,Munkanélküliek,Városi,Litri,0.097
2013-01-01,Pálinka,Munkanélküliek,Városi,Litri,0.096
2014-01-01,Pálinka,Munkanélküliek,Városi,Litri,0.107
2015-01-01,Pálinka,Munkanélküliek,Városi,Litri,0.107
2016-01-01,Pálinka,Munkanélküliek,Városi,Litri,0.143
2017-01-01,Pálinka,Munkanélküliek,Városi,Litri,0.101
2018-01-01,Pálinka,Munkanélküliek,Városi,Litri,0.077
2019-01-01,Pálinka,Munkanélküliek,Városi,Litri,0.115
2020-01-01,Pálinka,Munkanélküliek,Városi,Litri,0.102
2021-01-01,Pálinka,Munkanélküliek,Városi,Litri,0.089
2022-01-01,Pálinka,Munkanélküliek,Városi,Litri,0.165
2001-01-01,Pálinka,Munkanélküliek,Vidéki,Litri,0.38
2002-01-01,Pálinka,Munkanélküliek,Vidéki,Litri,0.302
2003-01-01,Pálinka,Munkanélküliek,Vidéki,Litri,0.287
2004-01-01,Pálinka,Munkanélküliek,Vidéki,Litri,0.259
2005-01-01,Pálinka,Munkanélküliek,Vidéki,Litri,0.247
2006-01-01,Pálinka,Munkanélküliek,Vidéki,Litri,0.225
2007-01-01,Pálinka,Munkanélküliek,Vidéki,Litri,0.208
2008-01-01,Pálinka,Munkanélküliek,Vidéki,Litri,0.196
2009-01-01,Pálinka,Munkanélküliek,Vidéki,Litri,0.261
2010-01-01,Pálinka,Munkanélküliek,Vidéki,Litri,0.304
2011-01-01,Pálinka,Munkanélküliek,Vidéki,Litri,0.286
2012-01-01,Pálinka,Munkanélküliek,Vidéki,Litri,0.158
2013-01-01,Pálinka,Munkanélküliek,Vidéki,Litri,0.26
2014-01-01,Pálinka,Munkanélküliek,Vidéki,Litri,0.235
2015-01-01,Pálinka,Munkanélküliek,Vidéki,Litri,0.324
2016-01-01,Pálinka,Munkanélküliek,Vidéki,Litri,0.142
2017-01-01,Pálinka,Munkanélküliek,Vidéki,Litri,0.207
2018-01-01,Pálinka,Munkanélküliek,Vidéki,Litri,0.23
2019-01-01,Pálinka,Munkanélküliek,Vidéki,Litri,0.226
2020-01-01,Pálinka,Munkanélküliek,Vidéki,Litri,0.232
2021-01-01,Pálinka,Munkanélküliek,Vidéki,Litri,0.163
2022-01-01,Pálinka,Munkanélküliek,Vidéki,Litri,0.17
2001-01-01,Pálinka,Nyugdíjasok,Total,Litri,0.347
2002-01-01,Pálinka,Nyugdíjasok,Total,Litri,0.324
2003-01-01,Pálinka,Nyugdíjasok,Total,Litri,0.331
2004-01-01,Pálinka,Nyugdíjasok,Total,Litri,0.34
2005-01-01,Pálinka,Nyugdíjasok,Total,Litri,0.293
2006-01-01,Pálinka,Nyugdíjasok,Total,Litri,0.275
2007-01-01,Pálinka,Nyugdíjasok,Total,Litri,0.275
2008-01-01,Pálinka,Nyugdíjasok,Total,Litri,0.301
2009-01-01,Pálinka,Nyugdíjasok,Total,Litri,0.292
2010-01-01,Pálinka,Nyugdíjasok,Total,Litri,0.277
2011-01-01,Pálinka,Nyugdíjasok,Total,Litri,0.271
2012-01-01,Pálinka,Nyugdíjasok,Total,Litri,0.251
2013-01-01,Pálinka,Nyugdíjasok,Total,Litri,0.252
2014-01-01,Pálinka,Nyugdíjasok,Total,Litri,0.263
2015-01-01,Pálinka,Nyugdíjasok,Total,Litri,0.251
2016-01-01,Pálinka,Nyugdíjasok,Total,Litri,0.247
2017-01-01,Pálinka,Nyugdíjasok,Total,Litri,0.251
2018-01-01,Pálinka,Nyugdíjasok,Total,Litri,0.256
2019-01-01,Pálinka,Nyugdíjasok,Total,Litri,0.263
2020-01-01,Pálinka,Nyugdíjasok,Total,Litri,0.237
2021-01-01,Pálinka,Nyugdíjasok,Total,Litri,0.242
2022-01-01,Pálinka,Nyugdíjasok,Total,Litri,0.241
2001-01-01,Pálinka,Nyugdíjasok,Városi,Litri,0.171
2002-01-01,Pálinka,Nyugdíjasok,Városi,Litri,0.147
2003-01-01,Pálinka,Nyugdíjasok,Városi,Litri,0.15
2004-01-01,Pálinka,Nyugdíjasok,Városi,Litri,0.159
2005-01-01,Pálinka,Nyugdíjasok,Városi,Litri,0.144
2006-01-01,Pálinka,Nyugdíjasok,Városi,Litri,0.138
2007-01-01,Pálinka,Nyugdíjasok,Városi,Litri,0.125
2008-01-01,Pálinka,Nyugdíjasok,Városi,Litri,0.141
2009-01-01,Pálinka,Nyugdíjasok,Városi,Litri,0.135
2010-01-01,Pálinka,Nyugdíjasok,Városi,Litri,0.137
2011-01-01,Pálinka,Nyugdíjasok,Városi,Litri,0.14
2012-01-01,Pálinka,Nyugdíjasok,Városi,Litri,0.123
2013-01-01,Pálinka,Nyugdíjasok,Városi,Litri,0.132
2014-01-01,Pálinka,Nyugdíjasok,Városi,Litri,0.138
2015-01-01,Pálinka,Nyugdíjasok,Városi,Litri,0.129
2016-01-01,Pálinka,Nyugdíjasok,Városi,Litri,0.15
2017-01-01,Pálinka,Nyugdíjasok,Városi,Litri,0.152
2018-01-01,Pálinka,Nyugdíjasok,Városi,Litri,0.143
2019-01-01,Pálinka,Nyugdíjasok,Városi,Litri,0.15
2020-01-01,Pálinka,Nyugdíjasok,Városi,Litri,0.133
2021-01-01,Pálinka,Nyugdíjasok,Városi,Litri,0.132
2022-01-01,Pálinka,Nyugdíjasok,Városi,Litri,0.13
2001-01-01,Pálinka,Nyugdíjasok,Vidéki,Litri,0.495
2002-01-01,Pálinka,Nyugdíjasok,Vidéki,Litri,0.469
2003-01-01,Pálinka,Nyugdíjasok,Vidéki,Litri,0.476
2004-01-01,Pálinka,Nyugdíjasok,Vidéki,Litri,0.491
2005-01-01,Pálinka,Nyugdíjasok,Vidéki,Litri,0.425
2006-01-01,Pálinka,Nyugdíjasok,Vidéki,Litri,0.4
2007-01-01,Pálinka,Nyugdíjasok,Vidéki,Litri,0.411
2008-01-01,Pálinka,Nyugdíjasok,Vidéki,Litri,0.452
2009-01-01,Pálinka,Nyugdíjasok,Vidéki,Litri,0.44
2010-01-01,Pálinka,Nyugdíjasok,Vidéki,Litri,0.405
2011-01-01,Pálinka,Nyugdíjasok,Vidéki,Litri,0.396
2012-01-01,Pálinka,Nyugdíjasok,Vidéki,Litri,0.378
2013-01-01,Pálinka,Nyugdíjasok,Vidéki,Litri,0.37
2014-01-01,Pálinka,Nyugdíjasok,Vidéki,Litri,0.384
2015-01-01,Pálinka,Nyugdíjasok,Vidéki,Litri,0.372
2016-01-01,Pálinka,Nyugdíjasok,Vidéki,Litri,0.34
2017-01-01,Pálinka,Nyugdíjasok,Vidéki,Litri,0.357
2018-01-01,Pálinka,Nyugdíjasok,Vidéki,Litri,0.377
2019-01-01,Pálinka,Nyugdíjasok,Vidéki,Litri,0.375
2020-01-01,Pálinka,Nyugdíjasok,Vidéki,Litri,0.344
2021-01-01,Pálinka,Nyugdíjasok,Vidéki,Litri,0.357
2022-01-01,Pálinka,Nyugdíjasok,Vidéki,Litri,0.36
